{"type": "FeatureCollection", "metadata": {"title": "Portsmouth Community Wellness Index (tract level)", "fips": "51740", "domains_used": ["Economic", "Education", "Environment", "Infrastructure", "Health_Healthcare", "Housing_Neighborhood", "Safety_Crime"], "domains_excluded_no_data": ["Social_Community"], "weights": {"Economic": 0.145859, "Education": 0.137637, "Environment": 0.114495, "Infrastructure": 0.088916, "Health_Healthcare": 0.133983, "Housing_Neighborhood": 0.140378, "Safety_Crime": 0.140073, "Social_Community": 0.09866}, "note": "CWI 0-100, higher = better. Social_Community excluded (no data); remaining weights renormalized. Polarity per POLARITY in build_cwi.py (CONFIRM with researcher)."}, "features": [{"type": "Feature", "geometry": {"type": "Polygon", "coordinates": [[[-76.33083099957402, 36.845384999872266], [-76.3307519999313, 36.844974999809004], [-76.33043899993686, 36.841822000215366], [-76.3304430001348, 36.84013700011803], [-76.33039799992896, 36.83966899977524], [-76.3303150000883, 36.83862799996931], [-76.3303569999211, 36.83814899979267], [-76.33034900042348, 36.83775700022127], [-76.33034600005044, 36.837639000290636], [-76.32891900017046, 36.83771799980735], [-76.32854599990156, 36.83773899975618], [-76.32841899967995, 36.837746000217145], [-76.32792199956249, 36.8377709997013], [-76.32751099965876, 36.837790000224096], [-76.32728200022821, 36.837801000221894], [-76.32712599969429, 36.837795999896294], [-76.32703100015804, 36.83779299970078], [-76.32693099970062, 36.83778499989778], [-76.32683100014151, 36.83777700009394], [-76.32663199994987, 36.837751999892795], [-76.3264650004436, 36.83772100000581], [-76.32612599961158, 36.8376350000217], [-76.32568000044607, 36.83750100023833], [-76.3256269998443, 36.837488000059054], [-76.32538900019293, 36.8374390002484], [-76.32514200032071, 36.837405000023814], [-76.32494300012908, 36.83738800026539], [-76.32439199958496, 36.83737399999625], [-76.32412399979634, 36.83737299992556], [-76.32384199976404, 36.83737600013756], [-76.32365099996834, 36.83737600013756], [-76.32285500010012, 36.83737500006691], [-76.32220599964671, 36.83738299991279], [-76.3213450003795, 36.837393999969116], [-76.32068599988033, 36.83740199981301], [-76.31949900019987, 36.837311999903356], [-76.31845800010927, 36.837123999894224], [-76.31848700042158, 36.83727999976615], [-76.31841499955326, 36.83811000029761], [-76.3183479996061, 36.83888499982567], [-76.31828700040505, 36.83964899967838], [-76.3182260003057, 36.84041399983818], [-76.3181640003814, 36.84119399984716], [-76.31807499979463, 36.84193200007416], [-76.31808499984037, 36.84232299980788], [-76.31804600038062, 36.8426929996785], [-76.31776299962509, 36.8426929996785], [-76.31747800011804, 36.84269899968497], [-76.31720799978132, 36.84270399969001], [-76.31665299993753, 36.84392699972717], [-76.31663100019622, 36.843974999710035], [-76.31652300024119, 36.84421399991004], [-76.31648899990599, 36.84434500021411], [-76.31636099985948, 36.84483100021543], [-76.31630899998093, 36.844910000210724], [-76.31622000029249, 36.84501300014575], [-76.31610300011661, 36.84517700020963], [-76.31600500020734, 36.84536499983252], [-76.31591599962057, 36.84560400000123], [-76.31590599957481, 36.845683999878766], [-76.3158970002523, 36.84583399978304], [-76.31591999981853, 36.84595100005041], [-76.31594400010796, 36.84603100028379], [-76.31596699967417, 36.846070000052734], [-76.31602299975069, 36.84616600017332], [-76.31607499962922, 36.84626000026446], [-76.31608399985005, 36.846376999880015], [-76.31606600030669, 36.84654700031716], [-76.31549800004413, 36.84749800001132], [-76.31594800030592, 36.84702900020348], [-76.3161080001395, 36.84694499979461], [-76.31638900034689, 36.846963000249424], [-76.31671700040995, 36.8470570000796], [-76.31771099974655, 36.847347999777185], [-76.31838600013924, 36.84743199974324], [-76.31906099963363, 36.847423000290476], [-76.31972599998059, 36.847262999777485], [-76.32219999979891, 36.846639000040895], [-76.32292200004727, 36.846519000254226], [-76.32414899991072, 36.84686900030369], [-76.32457300023323, 36.8467659999934], [-76.32684500038522, 36.846200000097255], [-76.3275690002834, 36.84634599989484], [-76.3277040000026, 36.84650800007268], [-76.32814599986847, 36.84673899995887], [-76.32827999976278, 36.846834999958375], [-76.3286260002675, 36.847060999855685], [-76.32878600010108, 36.84700999981955], [-76.32893900026197, 36.84694699968561], [-76.329083000202, 36.84687100019668], [-76.329119000187, 36.84684799998646], [-76.32917600008841, 36.84681199973732], [-76.32922600031714, 36.84677900003323], [-76.32922700014204, 36.84695300007718], [-76.32942600033365, 36.8468150002979], [-76.32952099986991, 36.84674900015917], [-76.32977299976498, 36.84663400029315], [-76.33007300023895, 36.84645699966767], [-76.33031699973812, 36.84626000026446], [-76.33049699966317, 36.84609399973476], [-76.33067599976332, 36.845811999940096], [-76.33083099957402, 36.845384999872266]]]}, "properties": {"GEOID": "51740210600", "NAME": "2106", "n_parcels": 897, "cwi": 41.4, "econ": 60.2, "edu": 37.6, "env": 72.7, "infra": 50.7, "health": 43.3, "housing": 18.1, "safety": 15.4, "ind_NUMPOINTS_cime_data": 15.4, "ind_RISK_SCORE_flood": 99.9, "ind_HubDist_bus_stop": 50.7, "ind_HubDist_hospital": 43.3, "ind_NatWalkInd_walking_index": 45.5, "ind_pct_own_occ_hous_unit": 18.1, "ind_pct_unemp_rate_16yover": 60.2, "ind_pct_no_high_schl_dip": 53.5, "ind_pct_in_college": 21.7}}, {"type": "Feature", "geometry": {"type": "Polygon", "coordinates": [[[-76.32620099995466, 36.81806100015869], [-76.3263580003135, 36.81797999983067], [-76.32599400026542, 36.81768699992579], [-76.32548100025443, 36.817316999916045], [-76.32521500011563, 36.81714500000225], [-76.32469700008178, 36.816819999712074], [-76.32420900018516, 36.816543999760626], [-76.32392100030508, 36.81640199983038], [-76.32365400034139, 36.81627499980133], [-76.32326199980591, 36.81610000009557], [-76.32282199958985, 36.81592199965566], [-76.32111000020284, 36.8152200002366], [-76.31917600015967, 36.81442999993426], [-76.31846599960687, 36.81415699967939], [-76.31776799964797, 36.81386400024304], [-76.3174530000037, 36.8137489998387], [-76.31580799966552, 36.81307599966832], [-76.31542299970107, 36.81290499996473], [-76.31473899998585, 36.8126320000248], [-76.31454999983997, 36.8125720000893], [-76.31444400043307, 36.81253899999683], [-76.31380300037556, 36.81304099973485], [-76.31269100013986, 36.81391300005014], [-76.31262699966744, 36.81396300020256], [-76.31223900022823, 36.814230000348665], [-76.3118989995713, 36.814390000202806], [-76.31195600037103, 36.81442700026079], [-76.31196700024168, 36.81471300000843], [-76.31200300022668, 36.81545499967717], [-76.31204000003662, 36.81623300033995], [-76.31207600002163, 36.81698599977161], [-76.31211299983154, 36.81773699977046], [-76.31204599988439, 36.81814899977869], [-76.31205699975504, 36.81847900032917], [-76.31207000017383, 36.81875499977536], [-76.31208600006737, 36.81931000019798], [-76.31212200005238, 36.81999599977023], [-76.31217700030396, 36.820677999948224], [-76.31218300015175, 36.820746999718374], [-76.31222199961148, 36.82122199986623], [-76.31226299961938, 36.821488000300825], [-76.3132359999379, 36.82145999969307], [-76.31378300028406, 36.82144499982554], [-76.31412600041575, 36.82143499991219], [-76.3150159999953, 36.821410000123215], [-76.31590800012295, 36.82138099992624], [-76.31679699987758, 36.82135299999845], [-76.31768099960932, 36.82132500006037], [-76.31856199986633, 36.821300000235446], [-76.3194599998418, 36.82127499968325], [-76.32034399957355, 36.8212490002796], [-76.32081700029988, 36.82123600021495], [-76.3212340000514, 36.821220000021675], [-76.32174799988731, 36.821200000134944], [-76.32225300040068, 36.82118500021645], [-76.32237800007415, 36.821182000088584], [-76.32310299979724, 36.821160000345735], [-76.3240429996055, 36.821134999747805], [-76.32492800006047, 36.821114000274754], [-76.32492200021268, 36.82095400009376], [-76.32491200016695, 36.820701999687714], [-76.32488899970242, 36.82059400008154], [-76.32484699986962, 36.820486000322965], [-76.32478999996822, 36.820390000329716], [-76.32453999972296, 36.82011900035065], [-76.3240920000093, 36.81963600028549], [-76.32424299962204, 36.81952099992342], [-76.32453800007313, 36.81928600002197], [-76.32528799991059, 36.818695999920045], [-76.3257180000809, 36.81835799990899], [-76.32590399985372, 36.81823399977325], [-76.32620099995466, 36.81806100015869]]]}, "properties": {"GEOID": "51740211900", "NAME": "2119", "n_parcels": 921, "cwi": 37.5, "econ": 3.5, "edu": 45.0, "env": 86.3, "infra": 46.8, "health": 78.8, "housing": 9.2, "safety": 8.7, "ind_NUMPOINTS_cime_data": 8.7, "ind_RISK_SCORE_flood": 94.2, "ind_HubDist_bus_stop": 46.8, "ind_HubDist_hospital": 78.8, "ind_NatWalkInd_walking_index": 78.5, "ind_pct_own_occ_hous_unit": 9.2, "ind_pct_unemp_rate_16yover": 3.5, "ind_pct_no_high_schl_dip": 14.6, "ind_pct_in_college": 75.5}}, {"type": "Feature", "geometry": {"type": "Polygon", "coordinates": [[[-76.3520830003076, 36.800678000163906], [-76.35194400039042, 36.80041399973411], [-76.35180700012306, 36.800197000110835], [-76.35162399982497, 36.79992300033465], [-76.35139399967119, 36.79961099972673], [-76.35116799971539, 36.79933299989872], [-76.35093400026196, 36.79906999971994], [-76.35079000032192, 36.79891900034424], [-76.35051199958926, 36.79864500031192], [-76.35012400015006, 36.79829399988599], [-76.3503950003117, 36.798098000048725], [-76.35046899993156, 36.7980270002739], [-76.35048499982507, 36.79799000020302], [-76.35048400000018, 36.797950999661865], [-76.35023899977777, 36.797503999732164], [-76.35014900026441, 36.797372999789545], [-76.3500439997841, 36.797250000067784], [-76.349972999639, 36.797180999979524], [-76.34987399990479, 36.79710200033381], [-76.34971999991902, 36.79696499970787], [-76.34957900035202, 36.796818999905234], [-76.34942899966586, 36.79664299972397], [-76.34929099957361, 36.79650599971579], [-76.34912200041754, 36.79636699968806], [-76.34910800017381, 36.79635700009552], [-76.34904100022666, 36.796307999843286], [-76.34840900039002, 36.795896000270105], [-76.34799900031118, 36.79563800000269], [-76.34752999978282, 36.79533000024631], [-76.34679099981601, 36.79485399995274], [-76.34664900042411, 36.79476000000441], [-76.34598499990206, 36.794331999960136], [-76.34582000004563, 36.794230999965656], [-76.34559099971676, 36.794108000234196], [-76.34537200033196, 36.79397399976388], [-76.34517200031542, 36.793835000177175], [-76.34499599969, 36.79369499969673], [-76.34452299986201, 36.793280999882704], [-76.34281700032278, 36.791786000111486], [-76.34259899986458, 36.79158800026854], [-76.34236600023607, 36.791393999722644], [-76.34209699972423, 36.79119600030541], [-76.34208400020376, 36.79118000030834], [-76.34206099973922, 36.79112599984402], [-76.34206499993718, 36.79103200035705], [-76.3415739996675, 36.79110500005281], [-76.33604299969966, 36.791922999928545], [-76.33596700042997, 36.792098000220726], [-76.33586299977459, 36.792442999913554], [-76.33575099962161, 36.79287199965394], [-76.33552399984087, 36.793735000168425], [-76.33539699961926, 36.79421200013702], [-76.33526600009802, 36.79476299972906], [-76.33522000006727, 36.79508499970293], [-76.33517700040954, 36.79600899965074], [-76.33516399999077, 36.79613899987785], [-76.33513999970133, 36.79628899981045], [-76.33508299979991, 36.796548999812984], [-76.33498700043876, 36.796980000056124], [-76.33479300027, 36.79753500008666], [-76.33450200001685, 36.797948999928664], [-76.33369600010292, 36.79875399980953], [-76.33308000015977, 36.799349000350865], [-76.33245800036883, 36.79994300002595], [-76.33208500009992, 36.80029800015121], [-76.3318149997632, 36.80055599982772], [-76.33038700005831, 36.80198899968886], [-76.32970099979495, 36.80265299980984], [-76.3293169996554, 36.803028999725704], [-76.3291109997911, 36.80326900032899], [-76.32907800017912, 36.80332600025383], [-76.32902899977532, 36.80341299975452], [-76.328971000049, 36.803614000058275], [-76.3289219996452, 36.80382899977059], [-76.3289080002998, 36.804017000309045], [-76.32892400019334, 36.80414999996736], [-76.32897699989678, 36.8046009997877], [-76.3290060002091, 36.804840999779834], [-76.32903299997328, 36.805140000018426], [-76.32905200023986, 36.805344000134255], [-76.3290489998668, 36.80567399978442], [-76.32905200023986, 36.80578000005463], [-76.3290630001105, 36.806149999725776], [-76.32908200037708, 36.80651600002861], [-76.32908599967672, 36.806586000091606], [-76.32941799993775, 36.80656500022325], [-76.3302520003391, 36.80652799996173], [-76.33234500039092, 36.806427000225966], [-76.3347360003686, 36.8063060001749], [-76.33514999974706, 36.80628599998751], [-76.3354769999852, 36.80627700000938], [-76.33759000012851, 36.806176999701755], [-76.33868899994542, 36.806124999979275], [-76.33953699969217, 36.80608399974438], [-76.33968999985305, 36.80607699998276], [-76.34065499977565, 36.80603199995873], [-76.34105099961079, 36.80601399994172], [-76.34119000042627, 36.80600799993509], [-76.34159600030713, 36.80595900010322], [-76.34229000006808, 36.80590599975071], [-76.34263499984958, 36.80587199989882], [-76.34309000013424, 36.80579599987912], [-76.3433539997249, 36.80574799967641], [-76.34357300000802, 36.805698999678164], [-76.34383599977373, 36.80563000000915], [-76.3441200003542, 36.80553700010668], [-76.3444600001128, 36.80541099980341], [-76.34469600011435, 36.805306000231425], [-76.34498999984223, 36.80515399971233], [-76.34526299965371, 36.804997999793294], [-76.34548500030986, 36.80485600002411], [-76.34678599979313, 36.80386299981031], [-76.34825100020625, 36.8027369999435], [-76.34868899987417, 36.80240699986438], [-76.3488739998221, 36.80227700020568], [-76.34922000032682, 36.80204500003399], [-76.34948499974239, 36.801881000294735], [-76.34997699983695, 36.80159900007989], [-76.35043399977145, 36.80136899965614], [-76.3508039996673, 36.80119299985987], [-76.35105700028562, 36.80108199986621], [-76.35190400020744, 36.800747999809175], [-76.3520830003076, 36.800678000163906]]]}, "properties": {"GEOID": "51740212500", "NAME": "2125", "n_parcels": 964, "cwi": 61.7, "econ": 94.7, "edu": 81.2, "env": 59.1, "infra": 32.5, "health": 62.7, "housing": 35.0, "safety": 54.7, "ind_NUMPOINTS_cime_data": 54.7, "ind_RISK_SCORE_flood": 76.4, "ind_HubDist_bus_stop": 32.5, "ind_HubDist_hospital": 62.7, "ind_NatWalkInd_walking_index": 41.8, "ind_pct_own_occ_hous_unit": 35.0, "ind_pct_unemp_rate_16yover": 94.7, "ind_pct_no_high_schl_dip": 89.6, "ind_pct_in_college": 72.8}}, {"type": "Feature", "geometry": {"type": "Polygon", "coordinates": [[[-76.34560099976251, 36.856120000256794], [-76.34575999977116, 36.85607000033988], [-76.34547199989106, 36.85587100017377], [-76.34509500032252, 36.855630000091594], [-76.34465699975631, 36.8553639997749], [-76.34454899980126, 36.8553029997285], [-76.34428600003554, 36.85515599994696], [-76.34390400044413, 36.85495999979848], [-76.34351399955845, 36.85477500029739], [-76.34313299979195, 36.854625999810345], [-76.34306400019499, 36.85460299977682], [-76.34253399956724, 36.85443499969708], [-76.3423970001982, 36.85439800029736], [-76.34238700015247, 36.85430400014884], [-76.34236700006097, 36.854125000326285], [-76.3421999996564, 36.852024999912004], [-76.34216399967138, 36.851148000303084], [-76.34214399957992, 36.85057599967394], [-76.34211900036387, 36.84985699988861], [-76.34122600041127, 36.849561000120566], [-76.34049199956904, 36.84931799972392], [-76.34039200000993, 36.84805999992024], [-76.33976199982307, 36.848092999790374], [-76.33914599987993, 36.84812499971612], [-76.33901700000848, 36.84639900027922], [-76.33900000029006, 36.8463749999741], [-76.33898400039654, 36.84636199986554], [-76.33896299958182, 36.84591300017983], [-76.3389330003429, 36.84552999982428], [-76.33892099974904, 36.84524300026755], [-76.33890499985549, 36.8451050002775], [-76.33886499967254, 36.84455399996014], [-76.33873099977822, 36.842772999726], [-76.33866300000618, 36.84188600027012], [-76.33859299968596, 36.840989000357354], [-76.33796300039742, 36.84102399973049], [-76.33734099970818, 36.841058999806535], [-76.33739199976182, 36.84154099977914], [-76.3373349998604, 36.841604000053714], [-76.33730300007335, 36.84163299977472], [-76.3367640001231, 36.84206199996477], [-76.33620199970831, 36.84243599967845], [-76.33620799955608, 36.8425109999775], [-76.33624000024146, 36.84289900035008], [-76.33560699968154, 36.84293300028887], [-76.3355049995743, 36.84295300024587], [-76.33537900007592, 36.842995000138416], [-76.33529100021238, 36.84301400008223], [-76.33526199990006, 36.84301600007605], [-76.3350040001572, 36.84304199999091], [-76.33501400020293, 36.84319000005644], [-76.33414899983944, 36.84374000015059], [-76.33382999999722, 36.843935000325466], [-76.33277899986088, 36.844769999671826], [-76.33262599970001, 36.84486999987751], [-76.33156500041625, 36.845532999716276], [-76.33143099962365, 36.845617000238626], [-76.33094699992495, 36.84592099985147], [-76.33083099957402, 36.845384999872266], [-76.33067599976332, 36.845811999940096], [-76.33049699966317, 36.84609399973476], [-76.33031699973812, 36.84626000026446], [-76.33007300023895, 36.84645699966767], [-76.32977299976498, 36.84663400029315], [-76.32952099986991, 36.84674900015917], [-76.32942600033365, 36.8468150002979], [-76.32922700014204, 36.84695300007718], [-76.32922600031714, 36.84677900003323], [-76.32917600008841, 36.84681199973732], [-76.329119000187, 36.84684799998646], [-76.329083000202, 36.84687100019668], [-76.32893900026197, 36.84694699968561], [-76.32878600010108, 36.84700999981955], [-76.3286260002675, 36.847060999855685], [-76.32827999976278, 36.846834999958375], [-76.32814599986847, 36.84673899995887], [-76.3277040000026, 36.84650800007268], [-76.3275690002834, 36.84634599989484], [-76.32684500038522, 36.846200000097255], [-76.32457300023323, 36.8467659999934], [-76.32414899991072, 36.84686900030369], [-76.32292200004727, 36.846519000254226], [-76.32219999979891, 36.846639000040895], [-76.31972599998059, 36.847262999777485], [-76.31906099963363, 36.847423000290476], [-76.31838600013924, 36.84743199974324], [-76.31771099974655, 36.847347999777185], [-76.31671700040995, 36.8470570000796], [-76.31638900034689, 36.846963000249424], [-76.3161080001395, 36.84694499979461], [-76.31594800030592, 36.84702900020348], [-76.31549800004413, 36.84749800001132], [-76.31525500036989, 36.847947999666836], [-76.31457599977922, 36.8489040002246], [-76.31415800020281, 36.84927000021984], [-76.31392300002616, 36.8494479999967], [-76.31268500029208, 36.85076199988815], [-76.30666300005454, 36.85404699964205], [-76.31353300003882, 36.8585329996903], [-76.31386299975169, 36.85874699985665], [-76.31721100015436, 36.86065699969362], [-76.33078399971835, 36.868403000059544], [-76.33295999961085, 36.86605500000953], [-76.33920199995642, 36.859317999933886], [-76.34056400043738, 36.857847999770854], [-76.34286400017845, 36.85704800016723], [-76.34535600043844, 36.85619599989544], [-76.34548600013478, 36.85615599971673], [-76.34560099976251, 36.856120000256794]]]}, "properties": {"GEOID": "51740210200", "NAME": "2102", "n_parcels": 971, "cwi": 49.9, "econ": 80.2, "edu": 92.9, "env": 51.1, "infra": 29.5, "health": 12.2, "housing": 40.4, "safety": 33.8, "ind_NUMPOINTS_cime_data": 33.8, "ind_RISK_SCORE_flood": 81.8, "ind_HubDist_bus_stop": 29.5, "ind_HubDist_hospital": 12.2, "ind_NatWalkInd_walking_index": 20.3, "ind_pct_own_occ_hous_unit": 40.4, "ind_pct_unemp_rate_16yover": 80.2, "ind_pct_no_high_schl_dip": 92.3, "ind_pct_in_college": 93.4}}, {"type": "Feature", "geometry": {"type": "Polygon", "coordinates": [[[-76.38278299970253, 36.808079999679265], [-76.3827860000756, 36.80798699987553], [-76.38277699985476, 36.80789499969558], [-76.38275099991547, 36.80778100013228], [-76.38252400013478, 36.807209000278505], [-76.3823230002933, 36.80671400012349], [-76.38208599956853, 36.80614699972784], [-76.38187100038171, 36.80565299966593], [-76.38170499980204, 36.80522200003865], [-76.38162399961118, 36.8050220001335], [-76.38156599988486, 36.80492200034469], [-76.38150700033363, 36.80484799965445], [-76.38142799979259, 36.80478100021198], [-76.38131800018773, 36.80470700010477], [-76.38034200039449, 36.80420699995572], [-76.37998199964605, 36.80401500001493], [-76.37985500032276, 36.80393099984454], [-76.37920199967138, 36.80338900034855], [-76.37872600036863, 36.80298000014546], [-76.37860900019277, 36.802853999950536], [-76.37854300007052, 36.80276999994517], [-76.37806000019675, 36.80300600000003], [-76.37708000020554, 36.803489999775735], [-76.37528699972937, 36.80438600008501], [-76.37316500026353, 36.80544100006564], [-76.37197600003495, 36.806038999724464], [-76.36699300023817, 36.808515000115115], [-76.36506199966973, 36.809484999759654], [-76.36435200001526, 36.80984500023784], [-76.36332000014549, 36.81035800000831], [-76.36268199956272, 36.81066900028313], [-76.36207999986328, 36.81096199972151], [-76.36154299956286, 36.81122900026572], [-76.36131300030739, 36.81134299972953], [-76.36087700028929, 36.81156200022938], [-76.35960900041798, 36.8122019998073], [-76.35962500031151, 36.812293999846226], [-76.35963000033438, 36.81255999966502], [-76.35963500035726, 36.81272700000637], [-76.35964100020503, 36.812929999655076], [-76.35966499959618, 36.813336999880015], [-76.35969999975627, 36.813756999997516], [-76.35973400009146, 36.814057999970714], [-76.35978000012221, 36.81435900019873], [-76.35986600033594, 36.814743000221775], [-76.35993199955985, 36.81503799989565], [-76.35994800035171, 36.8151489997955], [-76.35995900022237, 36.815334999869336], [-76.35994099978069, 36.815606000246746], [-76.35993300028309, 36.815650999677835], [-76.35990099959773, 36.81573800027681], [-76.35985399974206, 36.815805000199575], [-76.36196500023556, 36.81609099983274], [-76.36217600012274, 36.81611999987669], [-76.36292900033324, 36.816222000117605], [-76.3632430001526, 36.816270999853636], [-76.36353000020779, 36.81633099976651], [-76.36364300018569, 36.81635999971951], [-76.36376899968407, 36.816397999889325], [-76.3648979996382, 36.81674599973416], [-76.36554999956637, 36.81694799989371], [-76.36577899989523, 36.81701900010444], [-76.36597600043703, 36.817062999806936], [-76.36625400027137, 36.81711699996297], [-76.36645799958755, 36.81715600009194], [-76.36740499996682, 36.817320999809084], [-76.36799800034375, 36.817424999831644], [-76.3689039998168, 36.817585000198875], [-76.37227300013586, 36.818177000159594], [-76.37320899974615, 36.81834500007237], [-76.37405499984307, 36.81849099982547], [-76.3752969997751, 36.81870699978679], [-76.37612899962834, 36.818850999662075], [-76.37675200014249, 36.81896199978553], [-76.37694100028837, 36.81899499998554], [-76.3770989995738, 36.81902300005688], [-76.37775399987501, 36.81913900003807], [-76.37900800040093, 36.81935999970158], [-76.38050899990075, 36.81962499983313], [-76.38061699985579, 36.81939200014334], [-76.38065299984079, 36.81926600034897], [-76.38072800018386, 36.818736000277866], [-76.38080900037473, 36.818278999816734], [-76.38095999998745, 36.817413999780605], [-76.38110200027766, 36.81660000024816], [-76.38123199997402, 36.815883000336235], [-76.38135400017275, 36.8151509997987], [-76.38141500027211, 36.814796000210436], [-76.38146100030288, 36.814577000332086], [-76.38152599970188, 36.81436199987486], [-76.38158400032653, 36.81423100000273], [-76.38165799994636, 36.81410599999799], [-76.38174800035804, 36.81398800026653], [-76.38183000037381, 36.813898999800244], [-76.38190900001653, 36.81379299998255], [-76.38200799975074, 36.81362500014726], [-76.3820839999187, 36.813448999753106], [-76.38212099972864, 36.81332899967731], [-76.38226499966868, 36.81224299964287], [-76.38243799992105, 36.81084799969036], [-76.38257799966314, 36.80976000027756], [-76.3826670002499, 36.80900000003505], [-76.38276400033428, 36.80823599979244], [-76.38278299970253, 36.808079999679265]]]}, "properties": {"GEOID": "51740212801", "NAME": "2128.01", "n_parcels": 1098, "cwi": 42.3, "econ": 34.3, "edu": 13.0, "env": 40.6, "infra": 66.3, "health": 57.8, "housing": 31.9, "safety": 61.1, "ind_NUMPOINTS_cime_data": 61.1, "ind_RISK_SCORE_flood": 14.5, "ind_HubDist_bus_stop": 66.3, "ind_HubDist_hospital": 57.8, "ind_NatWalkInd_walking_index": 66.8, "ind_pct_own_occ_hous_unit": 31.9, "ind_pct_unemp_rate_16yover": 34.3, "ind_pct_no_high_schl_dip": 11.9, "ind_pct_in_college": 14.1}}, {"type": "Feature", "geometry": {"type": "Polygon", "coordinates": [[[-76.36231699968975, 36.842839999701425], [-76.36436500043405, 36.83894800013139], [-76.35925500041566, 36.83633199978403], [-76.35892700035261, 36.8359289999813], [-76.35823299969333, 36.83513199993916], [-76.35797999997334, 36.83493500012008], [-76.35783900040634, 36.83489799991133], [-76.35757099971943, 36.834883999905394], [-76.35718300028023, 36.834840999768446], [-76.35678900009493, 36.83476599985633], [-76.35648899962095, 36.834598000045204], [-76.3560540003261, 36.83431699966901], [-76.35593799997514, 36.834252999751165], [-76.35583800041603, 36.83417599975656], [-76.35577200029377, 36.83407300032426], [-76.3555620002315, 36.83377500033394], [-76.35540999989554, 36.83370000009562], [-76.35530000029067, 36.83369299998335], [-76.3549989999918, 36.83369299998335], [-76.35476800001312, 36.83369299998335], [-76.35440599961487, 36.833758999886626], [-76.35397700016779, 36.833776999850365], [-76.35367400021909, 36.833885999660176], [-76.35336000039973, 36.83400699997291], [-76.35277299987058, 36.83404299977943], [-76.35228999999683, 36.83404299977943], [-76.3520420002997, 36.834169999800416], [-76.35177000031314, 36.83424199996211], [-76.35144999974769, 36.8342719997099], [-76.35077299970517, 36.83448999992041], [-76.35058500028252, 36.83451399964176], [-76.35051900016028, 36.83451399964176], [-76.35046200025886, 36.83410900009973], [-76.35045700023599, 36.83406999998271], [-76.35046800010664, 36.83404500000784], [-76.35041000038034, 36.833390000056035], [-76.35009200036302, 36.83339700019604], [-76.34989900001915, 36.83340099996761], [-76.34902600015808, 36.83398900006329], [-76.34829499968887, 36.83448399998889], [-76.34816300034271, 36.83441599977348], [-76.3479099997244, 36.83431400005602], [-76.34782500023391, 36.834289000160915], [-76.34767899974574, 36.83425899970079], [-76.3475359996306, 36.83424199996211], [-76.3475220002852, 36.8343629997117], [-76.34740400028443, 36.834978000204195], [-76.34737999999498, 36.83505199980742], [-76.34723600005495, 36.83548200034079], [-76.34720500009279, 36.83557599990465], [-76.34754999987429, 36.835790999719606], [-76.34761699982144, 36.835832999950675], [-76.34838000007768, 36.836310000083294], [-76.3497400000105, 36.837158000243654], [-76.34994099985194, 36.83722600017833], [-76.34983100024711, 36.83729899969195], [-76.3497619997518, 36.837362999937035], [-76.3495349999711, 36.83759700033235], [-76.34884200003505, 36.838303000332765], [-76.34883000033948, 36.83832800035386], [-76.34925999961149, 36.838679999898076], [-76.3494219999932, 36.83879400017109], [-76.34959400042064, 36.83889599966598], [-76.35027700031092, 36.83922299975142], [-76.35091400017049, 36.839527999663645], [-76.35098899961524, 36.839572000083315], [-76.35103999966887, 36.839614999717355], [-76.35112400023276, 36.839716000233985], [-76.35116799971539, 36.8397629999449], [-76.35124700025642, 36.83983599991286], [-76.35136000023431, 36.839918000148266], [-76.35128900008921, 36.84000000029576], [-76.35123499966254, 36.84007300003744], [-76.35117399956316, 36.8402000001114], [-76.35112300040785, 36.84026500011858], [-76.3510499997146, 36.8403280000065], [-76.35096600004901, 36.84037600009169], [-76.35079899964443, 36.84044800016292], [-76.35044299999228, 36.840579999758], [-76.35046200025886, 36.84062200023498], [-76.35046100043395, 36.84067500027333], [-76.35044200016739, 36.840715999952224], [-76.3504150004032, 36.84074399998333], [-76.35037100002226, 36.84076999995166], [-76.35033000001438, 36.840783000292], [-76.35027499976279, 36.840785999651295], [-76.35022100023444, 36.840775000082814], [-76.35017500020368, 36.84075100016924], [-76.35013500002071, 36.84070899976311], [-76.35012699962479, 36.840692000020084], [-76.34982200002626, 36.840824999938555], [-76.34967100041352, 36.84088099991067], [-76.34942600019114, 36.84095400024927], [-76.3493459998252, 36.840994999778594], [-76.34927700022824, 36.84104700025474], [-76.34922199997663, 36.8410999999985], [-76.34927999970296, 36.841619000282634], [-76.34929800014463, 36.841778999665436], [-76.34932599973372, 36.84188200022332], [-76.34937299958938, 36.84202200029846], [-76.34947600041986, 36.84220999977027], [-76.34957900035202, 36.842347999952665], [-76.34975799955386, 36.84266899964793], [-76.34978600004125, 36.84286599967607], [-76.34977099997263, 36.84302200005719], [-76.34971099969819, 36.84328800018507], [-76.34989700036934, 36.84346100027437], [-76.35000100012643, 36.843625000072436], [-76.35011400010433, 36.84388800030299], [-76.35026499971706, 36.84474800024166], [-76.35017000018081, 36.84498500023996], [-76.35012300032515, 36.84502199988224], [-76.35006700024864, 36.84517199964739], [-76.35014199969342, 36.845321999837175], [-76.35033000001438, 36.845528999860306], [-76.3504649997336, 36.84564799980048], [-76.35626500021328, 36.84914799969726], [-76.35702799957122, 36.84839199998989], [-76.36138899957706, 36.84407800018563], [-76.36226599963612, 36.84290800033533], [-76.36231699968975, 36.842839999701425]]]}, "properties": {"GEOID": "51740210400", "NAME": "2104", "n_parcels": 498, "cwi": 50.7, "econ": 41.4, "edu": 51.2, "env": 84.9, "infra": 57.9, "health": 66.7, "housing": 24.3, "safety": 38.4, "ind_NUMPOINTS_cime_data": 38.4, "ind_RISK_SCORE_flood": 89.4, "ind_HubDist_bus_stop": 57.9, "ind_HubDist_hospital": 66.7, "ind_NatWalkInd_walking_index": 80.3, "ind_pct_own_occ_hous_unit": 24.3, "ind_pct_unemp_rate_16yover": 41.4, "ind_pct_no_high_schl_dip": 50.9, "ind_pct_in_college": 51.4}}, {"type": "Feature", "geometry": {"type": "Polygon", "coordinates": [[[-76.34680500005972, 36.83532699977507], [-76.34641400024748, 36.835083000057104], [-76.34616700037526, 36.83492900022347], [-76.34596800018363, 36.83480500033748], [-76.34581099982479, 36.834723999758374], [-76.34560699961028, 36.83463400029254], [-76.34539499989818, 36.83455699996252], [-76.34520400010247, 36.834499000176294], [-76.34508799975151, 36.83446999990718], [-76.34495100038248, 36.834441000346075], [-76.34471000035808, 36.83440600011735], [-76.34452799988486, 36.83438899969233], [-76.34429000023349, 36.83438000014249], [-76.34328599995283, 36.83440199967932], [-76.34277399976675, 36.83441499966412], [-76.34265699959089, 36.83441799999214], [-76.34194799976132, 36.83443499969172], [-76.34186400009574, 36.83442999986507], [-76.34178299990488, 36.834410999945575], [-76.34173400039938, 36.8343819996431], [-76.34160399980473, 36.834384999972414], [-76.34102700021965, 36.83441799999214], [-76.3405669999121, 36.834430999974224], [-76.34016400040429, 36.83444000023705], [-76.33985399988457, 36.834447999670914], [-76.33957100002736, 36.83444000023705], [-76.33942000041462, 36.83443599980081], [-76.33929400001793, 36.83443200008337], [-76.33911400009288, 36.834427000256504], [-76.33892300029717, 36.83443499969172], [-76.33881299979399, 36.83443900012801], [-76.3380670001545, 36.8344670003002], [-76.33681199980367, 36.83450000028455], [-76.33557099969656, 36.83452999993115], [-76.33437899999322, 36.83455599985501], [-76.33349899956112, 36.83457699995299], [-76.33307799961163, 36.83458600019865], [-76.33259899993584, 36.83459699993824], [-76.33064899999913, 36.834641000318705], [-76.33041399982248, 36.8346470002379], [-76.33043999976175, 36.835483999812595], [-76.33046099967815, 36.8361129997033], [-76.33045300018055, 36.83633899965479], [-76.33043999976175, 36.83676299967101], [-76.33039299990608, 36.8372999997636], [-76.33034600005044, 36.837639000290636], [-76.33034900042348, 36.83775700022127], [-76.3303569999211, 36.83814899979267], [-76.3303150000883, 36.83862799996931], [-76.33039799992896, 36.83966899977524], [-76.3304430001348, 36.84013700011803], [-76.33043899993686, 36.841822000215366], [-76.3307519999313, 36.844974999809004], [-76.33083099957402, 36.845384999872266], [-76.33094699992495, 36.84592099985147], [-76.33143099962365, 36.845617000238626], [-76.33156500041625, 36.845532999716276], [-76.33262599970001, 36.84486999987751], [-76.33277899986088, 36.844769999671826], [-76.33382999999722, 36.843935000325466], [-76.33414899983944, 36.84374000015059], [-76.33501400020293, 36.84319000005644], [-76.3350040001572, 36.84304199999091], [-76.33526199990006, 36.84301600007605], [-76.33529100021238, 36.84301400008223], [-76.33537900007592, 36.842995000138416], [-76.3355049995743, 36.84295300024587], [-76.33560699968154, 36.84293300028887], [-76.33624000024146, 36.84289900035008], [-76.33620799955608, 36.8425109999775], [-76.33620199970831, 36.84243599967845], [-76.3367640001231, 36.84206199996477], [-76.33730300007335, 36.84163299977472], [-76.3373349998604, 36.841604000053714], [-76.33739199976182, 36.84154099977914], [-76.33734099970818, 36.841058999806535], [-76.33796300039742, 36.84102399973049], [-76.33859299968596, 36.840989000357354], [-76.33976799967085, 36.84009400005859], [-76.34062399981352, 36.83952400021246], [-76.34133900038917, 36.83902999988105], [-76.34167300030002, 36.838809000232224], [-76.34226900015169, 36.83840599982065], [-76.34332199993784, 36.83771599967498], [-76.34429600008129, 36.83708700002536], [-76.34528000027046, 36.83639600011928], [-76.34532100027833, 36.83636699985047], [-76.34614700028376, 36.835795000084985], [-76.34680500005972, 36.83532699977507]]]}, "properties": {"GEOID": "51740210500", "NAME": "2105", "n_parcels": 457, "cwi": 34.0, "econ": 15.6, "edu": 40.5, "env": 88.6, "infra": 40.6, "health": 49.6, "housing": 1.0, "safety": 15.9, "ind_NUMPOINTS_cime_data": 15.9, "ind_RISK_SCORE_flood": 83.1, "ind_HubDist_bus_stop": 40.6, "ind_HubDist_hospital": 49.6, "ind_NatWalkInd_walking_index": 94.0, "ind_pct_own_occ_hous_unit": 1.0, "ind_pct_unemp_rate_16yover": 15.6, "ind_pct_no_high_schl_dip": 33.1, "ind_pct_in_college": 47.8}}, {"type": "Feature", "geometry": {"type": "Polygon", "coordinates": [[[-76.3084770004471, 36.837220999815145], [-76.30848099974675, 36.83684899991661], [-76.30846700040136, 36.8367150001941], [-76.30843700026414, 36.83597100013659], [-76.30842200019552, 36.835625000189864], [-76.30840499957877, 36.835205000013374], [-76.30840200010404, 36.835143999700065], [-76.30836500029412, 36.83435199993846], [-76.308330000134, 36.8336050002634], [-76.30688099961444, 36.83363799990062], [-76.30677100000958, 36.83364000013963], [-76.3067529995679, 36.83324299984404], [-76.30672900017676, 36.83286899975267], [-76.30668499979583, 36.83213699990737], [-76.30666399987945, 36.83169999968901], [-76.30664200013814, 36.83125699966579], [-76.30662399969647, 36.83090700006518], [-76.306611000176, 36.83064200017548], [-76.30660199995518, 36.83045400031034], [-76.30658799971148, 36.83017199964636], [-76.3065619997722, 36.8301830000207], [-76.30634599986213, 36.83028500021317], [-76.3062520001508, 36.83032599970944], [-76.30600899957822, 36.83042200018016], [-76.3058429998969, 36.83050300028147], [-76.30510599957991, 36.83074899982355], [-76.30471800014071, 36.830859999945474], [-76.30295399997686, 36.83108199970613], [-76.30110000029961, 36.83113099999406], [-76.3007329998785, 36.83114200023046], [-76.30059599961115, 36.831147000272026], [-76.30035100028708, 36.83115399989825], [-76.29999100043698, 36.831199999685936], [-76.29966000000087, 36.831275000218255], [-76.29943900006793, 36.831329999842914], [-76.29934199998354, 36.831353999836665], [-76.29927800040944, 36.83137000006805], [-76.29922300015787, 36.831382999849076], [-76.29912199987552, 36.83140199980162], [-76.29747800026058, 36.83175599987126], [-76.297234999688, 36.83180900030126], [-76.29715400039548, 36.83182700000488], [-76.29712599990806, 36.8318330001448], [-76.29576500015034, 36.83213199993051], [-76.2955290001488, 36.832181999684416], [-76.2945430003098, 36.8324000000991], [-76.29471800021197, 36.83279500019459], [-76.29496199971113, 36.83334799992158], [-76.2952620001851, 36.83574700000061], [-76.2950449995518, 36.837045999838935], [-76.29501799978762, 36.83720600016154], [-76.29496199971113, 36.837546999804154], [-76.29441400043835, 36.840756000301646], [-76.29426200010238, 36.841646999983105], [-76.29586300005963, 36.84384700016803], [-76.29736299973453, 36.845646999837996], [-76.29796000030943, 36.846411999662614], [-76.30299800035779, 36.844596999668475], [-76.30276300018114, 36.84424700000231], [-76.3028309999532, 36.84410699968728], [-76.30270999957938, 36.84392699972717], [-76.30263799960936, 36.84381799984887], [-76.30253200020248, 36.84357799985943], [-76.30282400028052, 36.84352099971527], [-76.3031260004043, 36.84344799967042], [-76.30305199988614, 36.8430300000313], [-76.30329700010853, 36.84302000006353], [-76.30366000033169, 36.843005000109464], [-76.30458900026927, 36.84296200022476], [-76.30571400002546, 36.84231399975372], [-76.30569700030702, 36.841396000171045], [-76.30584999956959, 36.84102899984504], [-76.30600399955537, 36.8410999999985], [-76.30671599975798, 36.84125599966875], [-76.3072310003171, 36.84135700017498], [-76.30756299967982, 36.8413859999896], [-76.30803899988088, 36.841376999825165], [-76.30841999964737, 36.841393000116746], [-76.3083929998832, 36.84058499990159], [-76.30838200001254, 36.8402799998912], [-76.30838399966237, 36.83985399988437], [-76.3083850003856, 36.839774999698214], [-76.30836899959377, 36.83946699992228], [-76.30835699989818, 36.838961000062504], [-76.30834500020264, 36.83846999985837], [-76.30832699976098, 36.83771999993967], [-76.3084770004471, 36.837220999815145]]]}, "properties": {"GEOID": "51740210900", "NAME": "2109", "n_parcels": 1304, "cwi": 55.2, "econ": 69.0, "edu": 69.3, "env": 48.6, "infra": 77.2, "health": 75.1, "housing": 18.1, "safety": 36.8, "ind_NUMPOINTS_cime_data": 36.8, "ind_RISK_SCORE_flood": 3.7, "ind_HubDist_bus_stop": 77.2, "ind_HubDist_hospital": 75.1, "ind_NatWalkInd_walking_index": 93.5, "ind_pct_own_occ_hous_unit": 18.1, "ind_pct_unemp_rate_16yover": 69.0, "ind_pct_no_high_schl_dip": 42.4, "ind_pct_in_college": 96.2}}, {"type": "Feature", "geometry": {"type": "Polygon", "coordinates": [[[-76.33951499995086, 36.82913500000719], [-76.33937900040675, 36.82891099998643], [-76.33931300028449, 36.82878399986309], [-76.33922899972059, 36.82858799970066], [-76.33915500010075, 36.828363000047034], [-76.33911200044305, 36.82818399989478], [-76.33908899997851, 36.828061000053495], [-76.33906399986417, 36.827773999654966], [-76.33906100038942, 36.827678999654225], [-76.33903200007711, 36.826921000130575], [-76.33900500031294, 36.826167999936125], [-76.33898100002347, 36.82542700008802], [-76.33897000015284, 36.82508800009116], [-76.33896000010708, 36.824906000205054], [-76.33892300029717, 36.82467199981815], [-76.33889900000771, 36.82457199980946], [-76.33886800004557, 36.824439999914304], [-76.33881699999195, 36.82430199978041], [-76.33873800034922, 36.82413299975684], [-76.33864299991467, 36.82397000011662], [-76.33859000021123, 36.823889999817666], [-76.3384889999289, 36.82376299998922], [-76.33830800017893, 36.82356699990835], [-76.33815199964499, 36.82341799973108], [-76.33800100003225, 36.823301000228305], [-76.33783799982564, 36.82319600002437], [-76.33767399979412, 36.823104000145044], [-76.33750499973972, 36.823188999670094], [-76.33721299966166, 36.82333500024974], [-76.33693999985019, 36.82346899967961], [-76.3361370003093, 36.82386500011158], [-76.33481199963826, 36.82452000035734], [-76.33474999971398, 36.82455099984135], [-76.33186400016699, 36.82597800014289], [-76.33062399988476, 36.82661099994524], [-76.33012799959224, 36.82685600028857], [-76.32976899956702, 36.82703099984802], [-76.32993900034465, 36.82907200024737], [-76.32996199991088, 36.829337999998785], [-76.33001399978941, 36.830120999851346], [-76.3300339998809, 36.830481999784055], [-76.33011199969869, 36.831315999903005], [-76.33016399957725, 36.83188699994485], [-76.3302320002476, 36.83279000026072], [-76.33041399982248, 36.8346470002379], [-76.33064899999913, 36.834641000318705], [-76.33259899993584, 36.83459699993824], [-76.33307799961163, 36.83458600019865], [-76.33349899956112, 36.83457699995299], [-76.33437899999322, 36.83455599985501], [-76.33557099969656, 36.83452999993115], [-76.33681199980367, 36.83450000028455], [-76.3380670001545, 36.8344670003002], [-76.33881299979399, 36.83443900012801], [-76.33874800039497, 36.833684000351624], [-76.33905800001638, 36.83368300023271], [-76.33910499987203, 36.83367600011887], [-76.33915900029871, 36.83365499977353], [-76.33920399960624, 36.83362300026337], [-76.33923499956839, 36.833581999658094], [-76.33925100036022, 36.833526000093585], [-76.33924700016226, 36.83348000026656], [-76.3392079998042, 36.83301800021969], [-76.33920500032947, 36.832895999651306], [-76.33919600010864, 36.83215199983599], [-76.3391869998878, 36.83193199986899], [-76.33916199977345, 36.83140099965288], [-76.3391440002301, 36.83076299986728], [-76.33911599974269, 36.82986299985947], [-76.33910300022222, 36.829546999770955], [-76.33909900002426, 36.829451999814545], [-76.33909999984918, 36.82938900031581], [-76.33912599978844, 36.82933000003057], [-76.33915599992567, 36.829295000339506], [-76.33920500032947, 36.8292599999134], [-76.33935199974424, 36.829201000247714], [-76.33951499995086, 36.82913500000719]]]}, "properties": {"GEOID": "51740211400", "NAME": "2114", "n_parcels": 667, "cwi": 39.6, "econ": 50.0, "edu": 37.6, "env": 80.0, "infra": 28.7, "health": 74.5, "housing": 7.3, "safety": 3.8, "ind_NUMPOINTS_cime_data": 3.8, "ind_RISK_SCORE_flood": 91.6, "ind_HubDist_bus_stop": 28.7, "ind_HubDist_hospital": 74.5, "ind_NatWalkInd_walking_index": 68.4, "ind_pct_own_occ_hous_unit": 7.3, "ind_pct_unemp_rate_16yover": 50.0, "ind_pct_no_high_schl_dip": 4.4, "ind_pct_in_college": 70.9}}, {"type": "Feature", "geometry": {"type": "Polygon", "coordinates": [[[-76.40366600036518, 36.8140479998114], [-76.40226600024938, 36.811048000200465], [-76.40221400037086, 36.810922000335566], [-76.40159300040483, 36.80941899977603], [-76.40149100029757, 36.80917299998974], [-76.40026500025907, 36.80643699994229], [-76.40031499958947, 36.806026999714646], [-76.4004090001991, 36.80568899986552], [-76.40039900015337, 36.80547400034057], [-76.4003239998103, 36.80523899975115], [-76.40023099992388, 36.80503299980738], [-76.40008100013605, 36.80492099984985], [-76.39968699995075, 36.80488299973709], [-76.39949000030725, 36.804901999795845], [-76.39915200019846, 36.804958000168604], [-76.39895600037988, 36.804986000339674], [-76.39884300040198, 36.80503299980738], [-76.39880599969374, 36.80505199982892], [-76.39885199972449, 36.80514600009307], [-76.3989370001133, 36.80529599964817], [-76.3991620002442, 36.80541699985676], [-76.39946199981985, 36.805454999704516], [-76.39965900036167, 36.80547400034057], [-76.39982699969285, 36.805642000081114], [-76.39986500022597, 36.80584900030775], [-76.39988399959424, 36.806026999714646], [-76.39979900010376, 36.80625200030433], [-76.39972399976068, 36.80636399975363], [-76.39953700016292, 36.80652400022401], [-76.39925599995554, 36.806533000173104], [-76.39917099956672, 36.8065049998485], [-76.39894600033413, 36.80638300016412], [-76.39884300040198, 36.806327000114244], [-76.39856600039253, 36.806247999832934], [-76.39816800000928, 36.80628899998001], [-76.39784900016704, 36.8064579998457], [-76.39771799974748, 36.806616999646934], [-76.39759600044707, 36.80670200021951], [-76.3973810003619, 36.806551999822396], [-76.39724900011741, 36.806477000232874], [-76.39697700013086, 36.806374000197394], [-76.39679899985563, 36.80614899996619], [-76.39670599996921, 36.80597100012369], [-76.39663999984698, 36.80584900030775], [-76.39638700012698, 36.805642000081114], [-76.39629300041565, 36.805562999812345], [-76.3961849995623, 36.80553000029506], [-76.3959879999188, 36.805506999882], [-76.39588099978869, 36.80552500001819], [-76.39577700003161, 36.8055960000347], [-76.39564599961204, 36.805755000187325], [-76.39550099984709, 36.80591400000985], [-76.395473000258, 36.805974999890296], [-76.39547400008291, 36.806037999963486], [-76.39544499977059, 36.80615299972357], [-76.3954170001815, 36.80622800034965], [-76.39539299989205, 36.806271000023415], [-76.39527099969332, 36.806374000197394], [-76.39496199989684, 36.80650000035457], [-76.39452599987875, 36.8063689999757], [-76.39430599977072, 36.80622800034965], [-76.39418399957196, 36.806185999691635], [-76.39386499972974, 36.80614899996619], [-76.39363499957598, 36.80605999973703], [-76.3935090000776, 36.80601699994484], [-76.39337299963516, 36.80594700008093], [-76.39321299980159, 36.80583899979543], [-76.39308700030321, 36.805727000297495], [-76.39298799967068, 36.80564700035034], [-76.39288999976141, 36.805586000208535], [-76.3927769997835, 36.805521000228076], [-76.39257599994205, 36.805454999704516], [-76.39234199959031, 36.80544600034799], [-76.39209300006829, 36.80541699985676], [-76.39199000013613, 36.80537999975979], [-76.39184899967081, 36.80529100007531], [-76.39178799957143, 36.80520200028743], [-76.39173200039326, 36.80512199979173], [-76.39171300012669, 36.804986000339674], [-76.39170399990586, 36.80487400031335], [-76.39168100033963, 36.80464899999018], [-76.39178799957143, 36.80443299992103], [-76.39184899967081, 36.80429699996453], [-76.39186299991451, 36.80420799974061], [-76.39181699988376, 36.804146999891096], [-76.39173700041613, 36.80409099964449], [-76.39163799978363, 36.80405800021212], [-76.39150200023948, 36.80396400005092], [-76.39143699994216, 36.80382400010194], [-76.39145100018588, 36.80368799978314], [-76.39146500042958, 36.80355700034781], [-76.39145100018588, 36.80348199998265], [-76.39137099981993, 36.80336399970064], [-76.39130100039803, 36.80329899999188], [-76.3911370003665, 36.80318199994547], [-76.3910519999777, 36.80310699993234], [-76.39094499984758, 36.80306000000178], [-76.39075700042491, 36.803063999920504], [-76.39068700010472, 36.803031999845814], [-76.39056499990598, 36.802974999702094], [-76.39043799968438, 36.80296600005411], [-76.39038699963075, 36.802984999869224], [-76.39033999977507, 36.80298000014546], [-76.39018999998726, 36.80298899979179], [-76.39011499964418, 36.802923999764744], [-76.39012899988789, 36.802839000033394], [-76.39015200035243, 36.80276399968436], [-76.39009200007797, 36.80268899998114], [-76.38994599958978, 36.80267499983659], [-76.38982900031223, 36.80268899998114], [-76.38967399960322, 36.80269900018556], [-76.38954300008196, 36.80268899998114], [-76.38935599958589, 36.80262799964089], [-76.38922400023974, 36.80254400010692], [-76.38908399959934, 36.80242700034562], [-76.38895200025318, 36.802338000106204], [-76.38890100019955, 36.80230999968626], [-76.38870200000791, 36.80207299983159], [-76.38827600003556, 36.80162099969017], [-76.38798499978243, 36.80131199971326], [-76.38770600012319, 36.80107700001822], [-76.38743400013661, 36.80090799978566], [-76.38729299967132, 36.80080500017176], [-76.38719899995996, 36.800627000135464], [-76.38716200015006, 36.80037399987301], [-76.38715200010431, 36.800289000188634], [-76.38699800011851, 36.798546999826115], [-76.38631199985517, 36.79889000025853], [-76.3845329996227, 36.79978300019139], [-76.38217000013243, 36.800959000346246], [-76.3816189995883, 36.80123499965996], [-76.38124299984467, 36.80141999990979], [-76.37975400004044, 36.80216799996763], [-76.37854300007052, 36.80276999994517], [-76.37860900019277, 36.802853999950536], [-76.37872600036863, 36.80298000014546], [-76.37920199967138, 36.80338900034855], [-76.37985500032276, 36.80393099984454], [-76.37998199964605, 36.80401500001493], [-76.38034200039449, 36.80420699995572], [-76.38131800018773, 36.80470700010477], [-76.38142799979259, 36.80478100021198], [-76.38150700033363, 36.80484799965445], [-76.38156599988486, 36.80492200034469], [-76.38162399961118, 36.8050220001335], [-76.38170499980204, 36.80522200003865], [-76.38187100038171, 36.80565299966593], [-76.38208599956853, 36.80614699972784], [-76.3823230002933, 36.80671400012349], [-76.38252400013478, 36.807209000278505], [-76.38275099991547, 36.80778100013228], [-76.38277699985476, 36.80789499969558], [-76.3827860000756, 36.80798699987553], [-76.38278299970253, 36.808079999679265], [-76.38276400033428, 36.80823599979244], [-76.3826670002499, 36.80900000003505], [-76.38257799966314, 36.80976000027756], [-76.38243799992105, 36.81084799969036], [-76.38226499966868, 36.81224299964287], [-76.38212099972864, 36.81332899967731], [-76.3820839999187, 36.813448999753106], [-76.38200799975074, 36.81362500014726], [-76.38190900001653, 36.81379299998255], [-76.38183000037381, 36.813898999800244], [-76.38174800035804, 36.81398800026653], [-76.38165799994636, 36.81410599999799], [-76.38158400032653, 36.81423100000273], [-76.38152599970188, 36.81436199987486], [-76.38146100030288, 36.814577000332086], [-76.38141500027211, 36.814796000210436], [-76.38135400017275, 36.8151509997987], [-76.38123199997402, 36.815883000336235], [-76.38110200027766, 36.81660000024816], [-76.38095999998745, 36.817413999780605], [-76.38080900037473, 36.818278999816734], [-76.38072800018386, 36.818736000277866], [-76.38065299984079, 36.81926600034897], [-76.38061699985579, 36.81939200014334], [-76.38050899990075, 36.81962499983313], [-76.38192699955988, 36.819872999711265], [-76.38399399967244, 36.82023800027388], [-76.38515500031194, 36.8204430000038], [-76.38567199962257, 36.82053800035892], [-76.38726500008221, 36.82081199971593], [-76.3886090001215, 36.82105099966365], [-76.38871700007654, 36.82107000002463], [-76.3907769996181, 36.82143100023416], [-76.39200199983169, 36.821648999641624], [-76.39342600023691, 36.82190099980577], [-76.39475799968234, 36.82213899967825], [-76.39512299955533, 36.82222600009349], [-76.39548300030374, 36.82232699983983], [-76.39568300032029, 36.82239500001401], [-76.39605499986595, 36.822542999761275], [-76.39612400036125, 36.82257299978209], [-76.39637600025631, 36.822717000293395], [-76.39661700028076, 36.822874000322344], [-76.39671000016716, 36.82294000021086], [-76.39717600032249, 36.823251999959325], [-76.3973880000346, 36.82339400012424], [-76.39742700039264, 36.823417000197054], [-76.39792699998485, 36.823718999823974], [-76.39795299992413, 36.82367299985298], [-76.39806199970407, 36.82349199972993], [-76.40086600013359, 36.818947999739954], [-76.40366600036518, 36.8140479998114]]]}, "properties": {"GEOID": "51740212802", "NAME": "2128.02", "n_parcels": 1188, "cwi": 51.2, "econ": 15.6, "edu": 39.3, "env": 70.5, "infra": 62.4, "health": 43.6, "housing": 51.7, "safety": 83.9, "ind_NUMPOINTS_cime_data": 83.9, "ind_RISK_SCORE_flood": 88.3, "ind_HubDist_bus_stop": 62.4, "ind_HubDist_hospital": 43.6, "ind_NatWalkInd_walking_index": 52.6, "ind_pct_own_occ_hous_unit": 51.7, "ind_pct_unemp_rate_16yover": 15.6, "ind_pct_no_high_schl_dip": 56.9, "ind_pct_in_college": 21.7}}, {"type": "Feature", "geometry": {"type": "Polygon", "coordinates": [[[-76.33596700042997, 36.792098000220726], [-76.33604299969966, 36.791922999928545], [-76.33191799969536, 36.792535999890184], [-76.33183400002977, 36.792547999855735], [-76.32882200008608, 36.79299899965621], [-76.32880600019256, 36.79299899965621], [-76.32865399985658, 36.79324800010878], [-76.32841200000726, 36.79360899987083], [-76.32803799991345, 36.79412500025564], [-76.32743299984095, 36.795000999809], [-76.32727700020534, 36.79506699999033], [-76.32683199996642, 36.79583999974498], [-76.32647700013918, 36.79641099975], [-76.32610499969518, 36.79702799999985], [-76.32573700034747, 36.79765600032925], [-76.32536900010145, 36.798240000120366], [-76.32499599983254, 36.79885200003046], [-76.32463000013463, 36.79944799965753], [-76.32426299971351, 36.80002499985654], [-76.32401099981843, 36.80043200034813], [-76.32388399959684, 36.80063699988981], [-76.32351600024911, 36.80123200018882], [-76.32315600039901, 36.801812000062654], [-76.32277100043454, 36.802436999864945], [-76.32239399996769, 36.80306499972031], [-76.322303999556, 36.80320600013555], [-76.32191199991883, 36.803840000335114], [-76.32153799982501, 36.804456999719044], [-76.3211839998227, 36.804994999750264], [-76.32102099961607, 36.805215999969946], [-76.3210010004229, 36.80523899975115], [-76.3201360000594, 36.80627700000938], [-76.32004599964772, 36.806384999677114], [-76.31986900009572, 36.806598000013764], [-76.3184039996826, 36.80835500020906], [-76.31826099956747, 36.80853300026343], [-76.31747200027027, 36.80945999966356], [-76.31735799956913, 36.80960500010713], [-76.31722299984993, 36.80977500027743], [-76.31718000019222, 36.809830000251736], [-76.31708599958257, 36.809930999813915], [-76.31699500024429, 36.810051999890156], [-76.31687800006843, 36.81020800030063], [-76.31680699992332, 36.81030199998883], [-76.31647800003536, 36.810670999684135], [-76.31623899966075, 36.810906000143824], [-76.31589499970417, 36.811223999641804], [-76.31579799961978, 36.811309000134294], [-76.31566799992345, 36.811423000198204], [-76.31532499979176, 36.81172499968572], [-76.3147850000166, 36.812228000126595], [-76.31450700018225, 36.81249400017472], [-76.31448899974059, 36.812501999745436], [-76.31444400043307, 36.81253899999683], [-76.31454999983997, 36.8125720000893], [-76.31473899998585, 36.8126320000248], [-76.31542299970107, 36.81290499996473], [-76.31580799966552, 36.81307599966832], [-76.3174530000037, 36.8137489998387], [-76.31776799964797, 36.81386400024304], [-76.31846599960687, 36.81415699967939], [-76.31917600015967, 36.81442999993426], [-76.32111000020284, 36.8152200002366], [-76.32282199958985, 36.81592199965566], [-76.32294299996367, 36.81568999983459], [-76.32301599975862, 36.81554900011438], [-76.32308500025391, 36.81541499976215], [-76.32329799979092, 36.81517099982783], [-76.32349799980746, 36.815069000343875], [-76.32353100031773, 36.815041000264365], [-76.3236069995874, 36.81500199977694], [-76.3237470002278, 36.81494800028633], [-76.32389100016786, 36.81490899975153], [-76.3241630001544, 36.814857999852016], [-76.3248669999611, 36.814768999678044], [-76.32522699981122, 36.81472399972844], [-76.32538599981987, 36.81470400030172], [-76.3259790001968, 36.814623999665876], [-76.32633300019914, 36.814559000166426], [-76.32671599961546, 36.81447199966574], [-76.32702699996008, 36.814384999785375], [-76.32729700029682, 36.81429700015298], [-76.32762700000971, 36.81417499993954], [-76.32844600034245, 36.813831999647554], [-76.32881799988813, 36.81367099968505], [-76.32856799964286, 36.81334900018248], [-76.32850800026672, 36.81326399979749], [-76.32839199991577, 36.81308300022848], [-76.32823700010508, 36.81280400001084], [-76.32810200038585, 36.812514000178794], [-76.32778699984328, 36.81174799966937], [-76.3277030001777, 36.81155100005502], [-76.32763200003258, 36.811379999821824], [-76.32760299972026, 36.81126900021042], [-76.32759299967452, 36.8111570000248], [-76.32760000024554, 36.81104499967526], [-76.32761100011616, 36.810986000349935], [-76.3276400004285, 36.810889000251066], [-76.32768100043639, 36.81079900007904], [-76.32773300031492, 36.81071300003959], [-76.32783200004911, 36.81059099986804], [-76.32817299963267, 36.810263999669694], [-76.32861299984872, 36.809818999828515], [-76.32867300012316, 36.809755999989434], [-76.32881899971305, 36.809582999913665], [-76.32888099963732, 36.80949400007987], [-76.32895199978242, 36.809362000071324], [-76.32900100018622, 36.809231000273684], [-76.3290489998668, 36.809057000009254], [-76.32907599963099, 36.80896199978898], [-76.3291250000348, 36.80873799969614], [-76.32916299966962, 36.808504999950976], [-76.32916900041572, 36.80835899985119], [-76.32916400039285, 36.80822700004352], [-76.3291269996846, 36.80739999965995], [-76.32911199961599, 36.80713900006578], [-76.32908599967672, 36.806586000091606], [-76.32908200037708, 36.80651600002861], [-76.3290630001105, 36.806149999725776], [-76.32905200023986, 36.80578000005463], [-76.3290489998668, 36.80567399978442], [-76.32905200023986, 36.805344000134255], [-76.32903299997328, 36.805140000018426], [-76.3290060002091, 36.804840999779834], [-76.32897699989678, 36.8046009997877], [-76.32892400019334, 36.80414999996736], [-76.3289080002998, 36.804017000309045], [-76.3289219996452, 36.80382899977059], [-76.328971000049, 36.803614000058275], [-76.32902899977532, 36.80341299975452], [-76.32907800017912, 36.80332600025383], [-76.3291109997911, 36.80326900032899], [-76.3293169996554, 36.803028999725704], [-76.32970099979495, 36.80265299980984], [-76.33038700005831, 36.80198899968886], [-76.3318149997632, 36.80055599982772], [-76.33208500009992, 36.80029800015121], [-76.33245800036883, 36.79994300002595], [-76.33308000015977, 36.799349000350865], [-76.33369600010292, 36.79875399980953], [-76.33450200001685, 36.797948999928664], [-76.33479300027, 36.79753500008666], [-76.33498700043876, 36.796980000056124], [-76.33508299979991, 36.796548999812984], [-76.33513999970133, 36.79628899981045], [-76.33516399999077, 36.79613899987785], [-76.33517700040954, 36.79600899965074], [-76.33522000006727, 36.79508499970293], [-76.33526600009802, 36.79476299972906], [-76.33539699961926, 36.79421200013702], [-76.33552399984087, 36.793735000168425], [-76.33575099962161, 36.79287199965394], [-76.33586299977459, 36.792442999913554], [-76.33596700042997, 36.792098000220726]]]}, "properties": {"GEOID": "51740212400", "NAME": "2124", "n_parcels": 761, "cwi": 53.5, "econ": 71.2, "edu": 62.2, "env": 61.6, "infra": 70.8, "health": 64.6, "housing": 13.6, "safety": 38.2, "ind_NUMPOINTS_cime_data": 38.2, "ind_RISK_SCORE_flood": 56.9, "ind_HubDist_bus_stop": 70.8, "ind_HubDist_hospital": 64.6, "ind_NatWalkInd_walking_index": 66.3, "ind_pct_own_occ_hous_unit": 13.6, "ind_pct_unemp_rate_16yover": 71.2, "ind_pct_no_high_schl_dip": 71.6, "ind_pct_in_college": 52.8}}, {"type": "Feature", "geometry": {"type": "Polygon", "coordinates": [[[-76.347564000118, 36.8339869998334], [-76.34755900009512, 36.83357099977255], [-76.34755400007225, 36.833453999976975], [-76.34752399993502, 36.83270100008924], [-76.34749799999577, 36.83195199982678], [-76.34746600020871, 36.831209999761164], [-76.34744000026944, 36.83046300032205], [-76.34741500015507, 36.82971799968281], [-76.34738900021583, 36.82896700005309], [-76.34736199955331, 36.828223000136376], [-76.34733499978914, 36.827475000094076], [-76.34730899984987, 36.826757999957756], [-76.34730800002495, 36.826725000229004], [-76.347303999827, 36.82662699973041], [-76.34728000043587, 36.82598400002245], [-76.34725199994845, 36.82523599966361], [-76.34722400035936, 36.824492000139884], [-76.34721799961326, 36.824352000337065], [-76.34719500004705, 36.82370399968018], [-76.34718199962825, 36.82330799985325], [-76.34717199958251, 36.82301099989668], [-76.34715400003917, 36.822719999641976], [-76.3471280000999, 36.82253499980172], [-76.3470850004422, 36.82234799969914], [-76.3470290003657, 36.82218199976359], [-76.34699000000765, 36.82208599974048], [-76.34692399988539, 36.821939999654305], [-76.34683099999899, 36.82176499995719], [-76.34678300031841, 36.82168399995371], [-76.34676200040201, 36.82165600013679], [-76.3465649998602, 36.82141300024213], [-76.34598999992494, 36.82078699972338], [-76.34530799985956, 36.82006099968649], [-76.34498399999445, 36.81971700029922], [-76.34485699977284, 36.81956400004153], [-76.34320899995994, 36.82037299966666], [-76.3420089998607, 36.8209520002422], [-76.34058100015581, 36.82165900024607], [-76.3404189997741, 36.82173900000094], [-76.33791900001648, 36.8229820003064], [-76.33767399979412, 36.823104000145044], [-76.33783799982564, 36.82319600002437], [-76.33800100003225, 36.823301000228305], [-76.33815199964499, 36.82341799973108], [-76.33830800017893, 36.82356699990835], [-76.3384889999289, 36.82376299998922], [-76.33859000021123, 36.823889999817666], [-76.33864299991467, 36.82397000011662], [-76.33873800034922, 36.82413299975684], [-76.33881699999195, 36.82430199978041], [-76.33886800004557, 36.824439999914304], [-76.33889900000771, 36.82457199980946], [-76.33892300029717, 36.82467199981815], [-76.33896000010708, 36.824906000205054], [-76.33897000015284, 36.82508800009116], [-76.33898100002347, 36.82542700008802], [-76.33900500031294, 36.826167999936125], [-76.33903200007711, 36.826921000130575], [-76.33906100038942, 36.827678999654225], [-76.33906399986417, 36.827773999654966], [-76.33908899997851, 36.828061000053495], [-76.33911200044305, 36.82818399989478], [-76.33915500010075, 36.828363000047034], [-76.33922899972059, 36.82858799970066], [-76.33931300028449, 36.82878399986309], [-76.33937900040675, 36.82891099998643], [-76.33951499995086, 36.82913500000719], [-76.33935199974424, 36.829201000247714], [-76.33920500032947, 36.8292599999134], [-76.33915599992567, 36.829295000339506], [-76.33912599978844, 36.82933000003057], [-76.33909999984918, 36.82938900031581], [-76.33909900002426, 36.829451999814545], [-76.33910300022222, 36.829546999770955], [-76.33911599974269, 36.82986299985947], [-76.3391440002301, 36.83076299986728], [-76.33916199977345, 36.83140099965288], [-76.3391869998878, 36.83193199986899], [-76.33919600010864, 36.83215199983599], [-76.33920500032947, 36.832895999651306], [-76.3392079998042, 36.83301800021969], [-76.33924700016226, 36.83348000026656], [-76.33925100036022, 36.833526000093585], [-76.33923499956839, 36.833581999658094], [-76.33920399960624, 36.83362300026337], [-76.33915900029871, 36.83365499977353], [-76.33910499987203, 36.83367600011887], [-76.33905800001638, 36.83368300023271], [-76.33874800039497, 36.833684000351624], [-76.33881299979399, 36.83443900012801], [-76.33892300029717, 36.83443499969172], [-76.33911400009288, 36.834427000256504], [-76.33929400001793, 36.83443200008337], [-76.33942000041462, 36.83443599980081], [-76.33957100002736, 36.83444000023705], [-76.33985399988457, 36.834447999670914], [-76.34016400040429, 36.83444000023705], [-76.3405669999121, 36.834430999974224], [-76.34102700021965, 36.83441799999214], [-76.34160399980473, 36.834384999972414], [-76.34173400039938, 36.8343819996431], [-76.34178299990488, 36.834410999945575], [-76.34186400009574, 36.83442999986507], [-76.34194799976132, 36.83443499969172], [-76.34265699959089, 36.83441799999214], [-76.34277399976675, 36.83441499966412], [-76.34328599995283, 36.83440199967932], [-76.34429000023349, 36.83438000014249], [-76.34452799988486, 36.83438899969233], [-76.34471000035808, 36.83440600011735], [-76.34495100038248, 36.834441000346075], [-76.34508799975151, 36.83446999990718], [-76.34520400010247, 36.834499000176294], [-76.34539499989818, 36.83455699996252], [-76.34560699961028, 36.83463400029254], [-76.34581099982479, 36.834723999758374], [-76.34596800018363, 36.83480500033748], [-76.34616700037526, 36.83492900022347], [-76.34641400024748, 36.835083000057104], [-76.34680500005972, 36.83532699977507], [-76.34720500009279, 36.83557599990465], [-76.34723600005495, 36.83548200034079], [-76.34737999999498, 36.83505199980742], [-76.34740400028443, 36.834978000204195], [-76.3475220002852, 36.8343629997117], [-76.3475359996306, 36.83424199996211], [-76.347564000118, 36.8339869998334]]]}, "properties": {"GEOID": "51740211500", "NAME": "2115", "n_parcels": 798, "cwi": 51.5, "econ": 94.7, "edu": 54.1, "env": 80.3, "infra": 32.6, "health": 65.6, "housing": 15.8, "safety": 14.3, "ind_NUMPOINTS_cime_data": 14.3, "ind_RISK_SCORE_flood": 69.6, "ind_HubDist_bus_stop": 32.6, "ind_HubDist_hospital": 65.6, "ind_NatWalkInd_walking_index": 91.1, "ind_pct_own_occ_hous_unit": 15.8, "ind_pct_unemp_rate_16yover": 94.7, "ind_pct_no_high_schl_dip": 59.1, "ind_pct_in_college": 49.1}}, {"type": "Feature", "geometry": {"type": "Polygon", "coordinates": [[[-76.36606500012547, 36.83824799997005], [-76.36581700042838, 36.83430399966756], [-76.36580700038263, 36.83414200023852], [-76.36573500041261, 36.83301700009204], [-76.36535200009796, 36.83163300002061], [-76.36475200004833, 36.828987000066945], [-76.36421599957282, 36.82804199999026], [-76.36206499979467, 36.826248000010644], [-76.36087399991625, 36.82559799986018], [-76.35950800013565, 36.82405099985773], [-76.3580260000041, 36.82296200016105], [-76.35768000039769, 36.82267300024582], [-76.3573230000223, 36.8223070002424], [-76.3570889996706, 36.82200699990081], [-76.35698599973843, 36.82181999994621], [-76.35695800014933, 36.82170699982141], [-76.3569770004159, 36.8216129997559], [-76.35705199986066, 36.82149099969757], [-76.35713600042456, 36.821407000004164], [-76.35736999987799, 36.821331999866096], [-76.35760500005462, 36.82136999972471], [-76.35780199969813, 36.82139799964627], [-76.3580829999055, 36.821462999810024], [-76.35833599962548, 36.82157600029515], [-76.35849499963415, 36.821651000194045], [-76.35865500036604, 36.82172600001948], [-76.35876699962071, 36.821753999810845], [-76.35896400016252, 36.82176300012683], [-76.35941100005128, 36.82162899986696], [-76.35973800028943, 36.821589999859945], [-76.35992999991004, 36.821599000195256], [-76.36021600014031, 36.82164100030768], [-76.3604689998603, 36.82169800021792], [-76.36052499993679, 36.821711999760446], [-76.36063299989182, 36.821688000337645], [-76.36069399999118, 36.82165999980307], [-76.36077299963391, 36.821599000195256], [-76.36086700024356, 36.82147700011461], [-76.36094699971119, 36.82132699990223], [-76.3609890004423, 36.821220000021675], [-76.36103600029794, 36.82112600007709], [-76.36107300010788, 36.82107000002463], [-76.36111999996353, 36.82100399996153], [-76.36113400020726, 36.820909999751656], [-76.36113400020726, 36.82082999984926], [-76.36107800013075, 36.82076999986762], [-76.36099399956684, 36.8207319997111], [-76.36095199973404, 36.82071299998532], [-76.36081799983975, 36.820649999763184], [-76.3606379999147, 36.82059099993051], [-76.36039799971518, 36.820577000182915], [-76.36023399968367, 36.8205400002213], [-76.36010300016241, 36.82051199998582], [-76.36003799986507, 36.82049800022377], [-76.35995800039746, 36.820431999667385], [-76.35993900013086, 36.8203239996802], [-76.35997199974283, 36.82019799998193], [-76.3600189995985, 36.82007599982523], [-76.36005600030673, 36.81997699986173], [-76.36007999969786, 36.8198790000695], [-76.36008399989582, 36.819798999808526], [-76.36009800013953, 36.81971000034583], [-76.36011700040609, 36.81962100006046], [-76.3601590002389, 36.81956500034502], [-76.36022500036114, 36.81950899986947], [-76.36034699966157, 36.819428999940875], [-76.36049700034769, 36.819329999859534], [-76.36059100005902, 36.81922300006343], [-76.36063299989182, 36.81915199973983], [-76.36066999970176, 36.818998000199144], [-76.36068399994545, 36.818890000345725], [-76.36068899996833, 36.81882000002645], [-76.3607080002349, 36.81880099982595], [-76.36083899975614, 36.818763000130055], [-76.36086700024356, 36.81878699975098], [-76.36090900007635, 36.81884300003566], [-76.3609049998784, 36.818880000098545], [-76.36086700024356, 36.81897900004289], [-76.36082500041076, 36.81907700026839], [-76.3607919999005, 36.81915199973983], [-76.3607919999005, 36.81920399996303], [-76.36082000038787, 36.81925499984337], [-76.36085299999985, 36.819301999900446], [-76.3609049998784, 36.819345000141546], [-76.36098000022146, 36.819362999900875], [-76.36101700003138, 36.81936799999305], [-76.36105499966621, 36.81936799999305], [-76.36116400034447, 36.81929800011094], [-76.36117699986495, 36.81907299974799], [-76.3611860000858, 36.818917999736406], [-76.36124200016228, 36.81880999977012], [-76.36134099989648, 36.818740000096746], [-76.36146300009521, 36.81870199965142], [-76.36155599998163, 36.818697999830555], [-76.36169700044694, 36.81872999983001], [-76.36174400030262, 36.81874500022967], [-76.36183800001395, 36.81875400018036], [-76.36194500014406, 36.81873499996354], [-76.36202499961169, 36.818688000277426], [-76.36210499997765, 36.818637000019265], [-76.36216600007701, 36.81860899980665], [-76.36225499976545, 36.81860899980665], [-76.36234799965189, 36.81861300035131], [-76.36247900007146, 36.81866399990638], [-76.36270000000438, 36.81880099982595], [-76.3628690000588, 36.81882399984093], [-76.36295799974725, 36.81882899996832], [-76.36309400018968, 36.81880499964148], [-76.36312699980165, 36.818772999673385], [-76.3631450002433, 36.81868399973669], [-76.36313600002246, 36.81862299991423], [-76.3631450002433, 36.81857999998659], [-76.36318799990103, 36.81852400022856], [-76.36322999973382, 36.81847299986111], [-76.36328099978743, 36.818406999715855], [-76.36330000005401, 36.818298999747654], [-76.36325800022122, 36.818200999964205], [-76.36319700012184, 36.81811599993306], [-76.36309400018968, 36.818041000165586], [-76.36304200031115, 36.817990000195394], [-76.36298700005955, 36.817923000027854], [-76.36299100025754, 36.81786800011479], [-76.36299100025754, 36.817806999642], [-76.36303800011319, 36.81773699977046], [-76.36308400014394, 36.81769499967297], [-76.36325300019834, 36.81753500025485], [-76.36336500035132, 36.81743500026889], [-76.36337399967385, 36.817381000337186], [-76.36329400020622, 36.81731300002279], [-76.36316299978665, 36.81728199976423], [-76.36300700015106, 36.81727999981673], [-76.36289300034822, 36.8172279997246], [-76.36279000041607, 36.817092999818406], [-76.3627229995706, 36.816983999816365], [-76.3626230000115, 36.816908999658764], [-76.36250199963767, 36.81689100004153], [-76.36234500017714, 36.81688199987171], [-76.36225899996342, 36.81681900009186], [-76.36220999955962, 36.816714999965065], [-76.36219200001626, 36.81657099966691], [-76.36213799958959, 36.816476999765605], [-76.36204300005335, 36.8163910003515], [-76.36200700006835, 36.81635999971951], [-76.36197100008334, 36.81631499998611], [-76.36196699988538, 36.816284000042515], [-76.3619629996874, 36.81619500008822], [-76.36196500023556, 36.81609099983274], [-76.35985399974206, 36.815805000199575], [-76.35990099959773, 36.81573800027681], [-76.35993300028309, 36.815650999677835], [-76.35994099978069, 36.815606000246746], [-76.35995900022237, 36.815334999869336], [-76.35994800035171, 36.8151489997955], [-76.35993199955985, 36.81503799989565], [-76.35986600033594, 36.814743000221775], [-76.35978000012221, 36.81435900019873], [-76.35973400009146, 36.814057999970714], [-76.35969999975627, 36.813756999997516], [-76.35966499959618, 36.813336999880015], [-76.35964100020503, 36.812929999655076], [-76.35963500035726, 36.81272700000637], [-76.35963000033438, 36.81255999966502], [-76.35962500031151, 36.812293999846226], [-76.35960900041798, 36.8122019998073], [-76.35935999999764, 36.8123270000443], [-76.35852099957343, 36.812740000077945], [-76.35773200027621, 36.81313100014792], [-76.3568009997905, 36.81359300017106], [-76.35579400003509, 36.81410800002844], [-76.3554209997662, 36.81429300010193], [-76.3552600001077, 36.81437199999315], [-76.35398300001556, 36.814985000074614], [-76.35308800041317, 36.81544200006667], [-76.35237899968527, 36.81581999973414], [-76.35218899971449, 36.815913999723115], [-76.35213600001103, 36.81594099985162], [-76.35051999998517, 36.8167430001514], [-76.3479449998845, 36.8180260003471], [-76.34668500040911, 36.81864900020999], [-76.34633999972931, 36.81882000002645], [-76.34603500013077, 36.818972000021944], [-76.34485699977284, 36.81956400004153], [-76.34498399999445, 36.81971700029922], [-76.34530799985956, 36.82006099968649], [-76.34598999992494, 36.82078699972338], [-76.3465649998602, 36.82141300024213], [-76.34676200040201, 36.82165600013679], [-76.34678300031841, 36.82168399995371], [-76.34683099999899, 36.82176499995719], [-76.34692399988539, 36.821939999654305], [-76.34699000000765, 36.82208599974048], [-76.3470290003657, 36.82218199976359], [-76.3470850004422, 36.82234799969914], [-76.3471280000999, 36.82253499980172], [-76.34715400003917, 36.822719999641976], [-76.34717199958251, 36.82301099989668], [-76.34718199962825, 36.82330799985325], [-76.34719500004705, 36.82370399968018], [-76.34721799961326, 36.824352000337065], [-76.34722400035936, 36.824492000139884], [-76.34725199994845, 36.82523599966361], [-76.34728000043587, 36.82598400002245], [-76.347303999827, 36.82662699973041], [-76.34730800002495, 36.826725000229004], [-76.34730899984987, 36.826757999957756], [-76.34733499978914, 36.827475000094076], [-76.34736199955331, 36.828223000136376], [-76.34738900021583, 36.82896700005309], [-76.34741500015507, 36.82971799968281], [-76.34744000026944, 36.83046300032205], [-76.34746600020871, 36.831209999761164], [-76.34749799999577, 36.83195199982678], [-76.34752399993502, 36.83270100008924], [-76.34755400007225, 36.833453999976975], [-76.34755900009512, 36.83357099977255], [-76.347564000118, 36.8339869998334], [-76.3475359996306, 36.83424199996211], [-76.34767899974574, 36.83425899970079], [-76.34782500023391, 36.834289000160915], [-76.3479099997244, 36.83431400005602], [-76.34816300034271, 36.83441599977348], [-76.34829499968887, 36.83448399998889], [-76.34902600015808, 36.83398900006329], [-76.34989900001915, 36.83340099996761], [-76.35009200036302, 36.83339700019604], [-76.35041000038034, 36.833390000056035], [-76.35046800010664, 36.83404500000784], [-76.35045700023599, 36.83406999998271], [-76.35046200025886, 36.83410900009973], [-76.35051900016028, 36.83451399964176], [-76.35058500028252, 36.83451399964176], [-76.35077299970517, 36.83448999992041], [-76.35144999974769, 36.8342719997099], [-76.35177000031314, 36.83424199996211], [-76.3520420002997, 36.834169999800416], [-76.35228999999683, 36.83404299977943], [-76.35277299987058, 36.83404299977943], [-76.35336000039973, 36.83400699997291], [-76.35367400021909, 36.833885999660176], [-76.35397700016779, 36.833776999850365], [-76.35440599961487, 36.833758999886626], [-76.35476800001312, 36.83369299998335], [-76.3549989999918, 36.83369299998335], [-76.35530000029067, 36.83369299998335], [-76.35540999989554, 36.83370000009562], [-76.3555620002315, 36.83377500033394], [-76.35577200029377, 36.83407300032426], [-76.35583800041603, 36.83417599975656], [-76.35593799997514, 36.834252999751165], [-76.3560540003261, 36.83431699966901], [-76.35648899962095, 36.834598000045204], [-76.35678900009493, 36.83476599985633], [-76.35718300028023, 36.834840999768446], [-76.35757099971943, 36.834883999905394], [-76.35783900040634, 36.83489799991133], [-76.35797999997334, 36.83493500012008], [-76.35823299969333, 36.83513199993916], [-76.35892700035261, 36.8359289999813], [-76.35925500041566, 36.83633199978403], [-76.36436500043405, 36.83894800013139], [-76.36486500002623, 36.83834800007722], [-76.36606500012547, 36.83824799997005]]]}, "properties": {"GEOID": "51740211600", "NAME": "2116", "n_parcels": 1840, "cwi": 48.6, "econ": 99.9, "edu": 18.1, "env": 52.0, "infra": 33.8, "health": 37.4, "housing": 59.2, "safety": 31.9, "ind_NUMPOINTS_cime_data": 31.9, "ind_RISK_SCORE_flood": 54.8, "ind_HubDist_bus_stop": 33.8, "ind_HubDist_hospital": 37.4, "ind_NatWalkInd_walking_index": 49.2, "ind_pct_own_occ_hous_unit": 59.2, "ind_pct_unemp_rate_16yover": 99.9, "ind_pct_no_high_schl_dip": 27.4, "ind_pct_in_college": 8.9}}, {"type": "Feature", "geometry": {"type": "Polygon", "coordinates": [[[-76.35218899971449, 36.815913999723115], [-76.35237899968527, 36.81581999973414], [-76.35165099958913, 36.81574899984953], [-76.35075099996385, 36.815665000326476], [-76.3498100003307, 36.81557199966823], [-76.3478469999752, 36.815410999769455], [-76.34761500017161, 36.81539400015796], [-76.34719500004705, 36.81536200020208], [-76.34666199994457, 36.81533299987096], [-76.3462540004139, 36.81532200023845], [-76.34584599998489, 36.815324999876914], [-76.34572999963393, 36.81532899987403], [-76.34557300017342, 36.81533299987096], [-76.34512799993449, 36.815352999852536], [-76.34483099983358, 36.81537600018441], [-76.34413000039993, 36.81543099973066], [-76.34409799971455, 36.8148459997861], [-76.34408099999612, 36.81466199997834], [-76.34435499963251, 36.8146419998162], [-76.34517999981303, 36.81459299975657], [-76.34528899959298, 36.81459000008949], [-76.34546799969311, 36.81457300029567], [-76.34564500014345, 36.81454199964653], [-76.34581699967258, 36.81449700028267], [-76.34598300025225, 36.81444000004366], [-76.34611999962128, 36.814380000086864], [-76.3459029998863, 36.814093000158394], [-76.34582000004563, 36.813955000065334], [-76.34575399992339, 36.813811999987834], [-76.34570500041788, 36.81366500027846], [-76.34566299968678, 36.81346599979656], [-76.34561900020417, 36.813202000303214], [-76.34555899992971, 36.812631000349896], [-76.34553899983824, 36.812333999953694], [-76.34550700005119, 36.811872000243596], [-76.34548600013478, 36.81154999964679], [-76.34545099997467, 36.811152000115406], [-76.34537700035484, 36.81082099992312], [-76.34513700015532, 36.810846999992165], [-76.34474100032021, 36.8108770002822], [-76.34465000008359, 36.81088200020949], [-76.34386799956079, 36.810927999957116], [-76.34360999981793, 36.810939000221], [-76.3412280000611, 36.811022999895584], [-76.34059100020156, 36.81104199986915], [-76.34040399970549, 36.81104399997964], [-76.34007700036565, 36.81104899989609], [-76.33933599985072, 36.8110620002526], [-76.33910300022222, 36.811062999947985], [-76.33888099956606, 36.811062999947985], [-76.33851800024121, 36.81104499967526], [-76.3383559998595, 36.811031000339284], [-76.33781400043452, 36.81096800005915], [-76.33765299987772, 36.810960000328095], [-76.33741299967821, 36.810965999946674], [-76.33721400038488, 36.81098700004636], [-76.33701799966799, 36.811022999895584], [-76.33632700028008, 36.81118700019334], [-76.33554499975727, 36.811386000126696], [-76.33440900013044, 36.81168200019818], [-76.33393100027955, 36.811804000069564], [-76.33326299955957, 36.81196699972987], [-76.33284800035617, 36.81208100025232], [-76.33197899979473, 36.8123130002235], [-76.3315829999596, 36.81245699990159], [-76.33127199961498, 36.81258199972222], [-76.33022600039983, 36.81304400018183], [-76.32881799988813, 36.81367099968505], [-76.32844600034245, 36.813831999647554], [-76.32762700000971, 36.81417499993954], [-76.32729700029682, 36.81429700015298], [-76.32702699996008, 36.814384999785375], [-76.32671599961546, 36.81447199966574], [-76.32633300019914, 36.814559000166426], [-76.3259790001968, 36.814623999665876], [-76.32538599981987, 36.81470400030172], [-76.32522699981122, 36.81472399972844], [-76.3248669999611, 36.814768999678044], [-76.3241630001544, 36.814857999852016], [-76.32389100016786, 36.81490899975153], [-76.3237470002278, 36.81494800028633], [-76.3236069995874, 36.81500199977694], [-76.32353100031773, 36.815041000264365], [-76.32349799980746, 36.815069000343875], [-76.32329799979092, 36.81517099982783], [-76.32308500025391, 36.81541499976215], [-76.32301599975862, 36.81554900011438], [-76.32294299996367, 36.81568999983459], [-76.32282199958985, 36.81592199965566], [-76.32326199980591, 36.81610000009557], [-76.32365400034139, 36.81627499980133], [-76.32392100030508, 36.81640199983038], [-76.32420900018516, 36.816543999760626], [-76.32469700008178, 36.816819999712074], [-76.32521500011563, 36.81714500000225], [-76.32548100025443, 36.817316999916045], [-76.32599400026542, 36.81768699992579], [-76.3263580003135, 36.81797999983067], [-76.32689600043882, 36.81846300027859], [-76.32712200039465, 36.81869700023489], [-76.3273099998173, 36.818910999709885], [-76.3274439997116, 36.81905300001927], [-76.32755800041275, 36.81920399996303], [-76.32769099958381, 36.81934599972881], [-76.3278579999884, 36.81956799981714], [-76.32805700018001, 36.81982600000485], [-76.32820199994498, 36.82005100031145], [-76.32835799958058, 36.82028799989031], [-76.32849800022099, 36.82053599977737], [-76.32864299998595, 36.820784999867456], [-76.32875699978875, 36.82101299964664], [-76.32896799967595, 36.82147200016023], [-76.32913099988257, 36.82191899968297], [-76.32923399981473, 36.82222400027516], [-76.32931199963254, 36.82247599998404], [-76.32946200031867, 36.82335100000082], [-76.3295059998013, 36.823681999943304], [-76.32951900022009, 36.823836000125844], [-76.32952500006786, 36.823906000171746], [-76.32953900031158, 36.82408200025085], [-76.32954599998426, 36.82415399983965], [-76.32960299988567, 36.82489499979113], [-76.32976899956702, 36.82703099984802], [-76.33012799959224, 36.82685600028857], [-76.33062399988476, 36.82661099994524], [-76.33186400016699, 36.82597800014289], [-76.33474999971398, 36.82455099984135], [-76.33481199963826, 36.82452000035734], [-76.3361370003093, 36.82386500011158], [-76.33693999985019, 36.82346899967961], [-76.33721299966166, 36.82333500024974], [-76.33750499973972, 36.823188999670094], [-76.33767399979412, 36.823104000145044], [-76.33791900001648, 36.8229820003064], [-76.3404189997741, 36.82173900000094], [-76.34058100015581, 36.82165900024607], [-76.3420089998607, 36.8209520002422], [-76.34320899995994, 36.82037299966666], [-76.34485699977284, 36.81956400004153], [-76.34603500013077, 36.818972000021944], [-76.34633999972931, 36.81882000002645], [-76.34668500040911, 36.81864900020999], [-76.3479449998845, 36.8180260003471], [-76.35051999998517, 36.8167430001514], [-76.35213600001103, 36.81594099985162], [-76.35218899971449, 36.815913999723115]]]}, "properties": {"GEOID": "51740211700", "NAME": "2117", "n_parcels": 1452, "cwi": 40.0, "econ": 25.5, "edu": 40.6, "env": 48.9, "infra": 34.2, "health": 68.7, "housing": 55.1, "safety": 8.6, "ind_NUMPOINTS_cime_data": 8.6, "ind_RISK_SCORE_flood": 49.5, "ind_HubDist_bus_stop": 34.2, "ind_HubDist_hospital": 68.7, "ind_NatWalkInd_walking_index": 48.3, "ind_pct_own_occ_hous_unit": 55.1, "ind_pct_unemp_rate_16yover": 25.5, "ind_pct_no_high_schl_dip": 22.1, "ind_pct_in_college": 59.1}}, {"type": "Feature", "geometry": {"type": "Polygon", "coordinates": [[[-76.32976899956702, 36.82703099984802], [-76.32960299988567, 36.82489499979113], [-76.32954599998426, 36.82415399983965], [-76.32953900031158, 36.82408200025085], [-76.32952500006786, 36.823906000171746], [-76.32951900022009, 36.823836000125844], [-76.3295059998013, 36.823681999943304], [-76.32946200031867, 36.82335100000082], [-76.32931199963254, 36.82247599998404], [-76.32923399981473, 36.82222400027516], [-76.32913099988257, 36.82191899968297], [-76.32896799967595, 36.82147200016023], [-76.32875699978875, 36.82101299964664], [-76.32864299998595, 36.820784999867456], [-76.32849800022099, 36.82053599977737], [-76.32835799958058, 36.82028799989031], [-76.32820199994498, 36.82005100031145], [-76.32805700018001, 36.81982600000485], [-76.3278579999884, 36.81956799981714], [-76.32769099958381, 36.81934599972881], [-76.32755800041275, 36.81920399996303], [-76.3274439997116, 36.81905300001927], [-76.3273099998173, 36.818910999709885], [-76.32712200039465, 36.81869700023489], [-76.32689600043882, 36.81846300027859], [-76.3263580003135, 36.81797999983067], [-76.32620099995466, 36.81806100015869], [-76.32590399985372, 36.81823399977325], [-76.3257180000809, 36.81835799990899], [-76.32528799991059, 36.818695999920045], [-76.32453800007313, 36.81928600002197], [-76.32424299962204, 36.81952099992342], [-76.3240920000093, 36.81963600028549], [-76.32453999972296, 36.82011900035065], [-76.32478999996822, 36.820390000329716], [-76.32484699986962, 36.820486000322965], [-76.32488899970242, 36.82059400008154], [-76.32491200016695, 36.820701999687714], [-76.32492200021268, 36.82095400009376], [-76.32492800006047, 36.821114000274754], [-76.3240429996055, 36.821134999747805], [-76.32310299979724, 36.821160000345735], [-76.32237800007415, 36.821182000088584], [-76.32225300040068, 36.82118500021645], [-76.32174799988731, 36.821200000134944], [-76.3212340000514, 36.821220000021675], [-76.32081700029988, 36.82123600021495], [-76.32034399957355, 36.8212490002796], [-76.3194599998418, 36.82127499968325], [-76.31856199986633, 36.821300000235446], [-76.31768099960932, 36.82132500006037], [-76.31679699987758, 36.82135299999845], [-76.31590800012295, 36.82138099992624], [-76.3150159999953, 36.821410000123215], [-76.31412600041575, 36.82143499991219], [-76.31378300028406, 36.82144499982554], [-76.3132359999379, 36.82145999969307], [-76.31226299961938, 36.821488000300825], [-76.3122989996044, 36.82223400008535], [-76.31231299984809, 36.822507999842074], [-76.31233499958938, 36.8229849996446], [-76.31240300025976, 36.82447100014983], [-76.3124269996509, 36.824952000153935], [-76.31247100003183, 36.825909000055816], [-76.31250000034416, 36.8264509997525], [-76.31250899966666, 36.82670800025422], [-76.31252100026056, 36.82704700026438], [-76.31254499965168, 36.827461999648996], [-76.31258800020771, 36.828537999754886], [-76.31261099977392, 36.82895100003824], [-76.31262900021558, 36.829315999724614], [-76.31263500006335, 36.82946200011825], [-76.31264799958385, 36.82976400033394], [-76.31267199987329, 36.8300429998452], [-76.31394300011765, 36.83038399978356], [-76.31463000020591, 36.83050099996043], [-76.315214000362, 36.830601000129526], [-76.31548100032569, 36.830653999921694], [-76.31565000038009, 36.830733000181375], [-76.31584299982562, 36.83082400007903], [-76.3160369999944, 36.830873999968844], [-76.31669499977032, 36.831043000202904], [-76.31749599966139, 36.831184000138045], [-76.3179529995959, 36.83120599987504], [-76.31854299959977, 36.831266999733565], [-76.31894199980795, 36.83131800020273], [-76.31933500016832, 36.83135299968733], [-76.31969099982047, 36.8313739999456], [-76.31995699995927, 36.8313579997151], [-76.32016000034886, 36.83134300034977], [-76.32061999975808, 36.831182999986424], [-76.32118299999777, 36.8309839997552], [-76.32137999964127, 36.830913999713374], [-76.32185099981947, 36.83070799983499], [-76.32347299969311, 36.8300119997101], [-76.32377900001485, 36.829882000189535], [-76.32468799986097, 36.82944600020693], [-76.3255359996077, 36.82904099971882], [-76.32636400016128, 36.82866500028657], [-76.3268939998907, 36.82842599967161], [-76.32722699997662, 36.82830099984087], [-76.3275910000247, 36.82812200026257], [-76.328386000068, 36.827722000221726], [-76.32852699963499, 36.82765200007146], [-76.32933799957179, 36.827265000211376], [-76.32976899956702, 36.82703099984802]]]}, "properties": {"GEOID": "51740211800", "NAME": "2118", "n_parcels": 1033, "cwi": 34.6, "econ": 6.5, "edu": 25.9, "env": 58.6, "infra": 55.1, "health": 74.9, "housing": 25.8, "safety": 10.2, "ind_NUMPOINTS_cime_data": 10.2, "ind_RISK_SCORE_flood": 59.9, "ind_HubDist_bus_stop": 55.1, "ind_HubDist_hospital": 74.9, "ind_NatWalkInd_walking_index": 57.3, "ind_pct_own_occ_hous_unit": 25.8, "ind_pct_unemp_rate_16yover": 6.5, "ind_pct_no_high_schl_dip": 50.9, "ind_pct_in_college": 0.9}}, {"type": "Feature", "geometry": {"type": "Polygon", "coordinates": [[[-76.31267199987329, 36.8300429998452], [-76.31264799958385, 36.82976400033394], [-76.31263500006335, 36.82946200011825], [-76.31262900021558, 36.829315999724614], [-76.31261099977392, 36.82895100003824], [-76.31258800020771, 36.828537999754886], [-76.31254499965168, 36.827461999648996], [-76.31252100026056, 36.82704700026438], [-76.31250899966666, 36.82670800025422], [-76.31250000034416, 36.8264509997525], [-76.31247100003183, 36.825909000055816], [-76.3124269996509, 36.824952000153935], [-76.31240300025976, 36.82447100014983], [-76.31233499958938, 36.8229849996446], [-76.31231299984809, 36.822507999842074], [-76.3122989996044, 36.82223400008535], [-76.31226299961938, 36.821488000300825], [-76.31222199961148, 36.82122199986623], [-76.31218300015175, 36.820746999718374], [-76.31217700030396, 36.820677999948224], [-76.31212200005238, 36.81999599977023], [-76.31208600006737, 36.81931000019798], [-76.31207000017383, 36.81875499977536], [-76.31205699975504, 36.81847900032917], [-76.31204599988439, 36.81814899977869], [-76.31211299983154, 36.81773699977046], [-76.31207600002163, 36.81698599977161], [-76.31204000003662, 36.81623300033995], [-76.31200300022668, 36.81545499967717], [-76.31196700024168, 36.81471300000843], [-76.31195600037103, 36.81442700026079], [-76.3118989995713, 36.814390000202806], [-76.31174100028588, 36.81448799983141], [-76.31137399986474, 36.81466699965842], [-76.31125199966601, 36.81472599974274], [-76.31045599979781, 36.81511400009066], [-76.30909400021515, 36.815785999969805], [-76.30898399971201, 36.81584000030759], [-76.3081600002547, 36.81611399994292], [-76.30789999996371, 36.816199999668186], [-76.30731400015779, 36.81644700023186], [-76.307196000157, 36.81649700016738], [-76.30700299981316, 36.81661799993383], [-76.30665499965863, 36.81686699982609], [-76.30635900028092, 36.817150999855215], [-76.30623299988423, 36.81737299983803], [-76.30619699989921, 36.8174579999752], [-76.30610599966262, 36.81763199984314], [-76.30604700011139, 36.817833000214954], [-76.30601000030146, 36.81806100015869], [-76.30603200004278, 36.81845100005876], [-76.30604600028647, 36.818692999694605], [-76.30607499970048, 36.81941899976411], [-76.30610700038585, 36.82018299986705], [-76.3061390001729, 36.820921000019304], [-76.30616900031012, 36.821666000021196], [-76.3061960000743, 36.822401000174516], [-76.30619900044736, 36.82249099964949], [-76.30624399975487, 36.82294099975112], [-76.30625399980063, 36.823149000201454], [-76.30628599958767, 36.82389500033317], [-76.30632199957269, 36.82464600013048], [-76.30635900028092, 36.82539600023979], [-76.30639299971779, 36.826150000339254], [-76.30641799983216, 36.82669899980078], [-76.30642700005298, 36.82689899988047], [-76.30643799992365, 36.82712400024407], [-76.306463000038, 36.82763699997954], [-76.3064999998479, 36.82837399996238], [-76.30651599974145, 36.82869799989765], [-76.30652199958922, 36.82883399964805], [-76.30653900020597, 36.82917899993421], [-76.30654000003088, 36.829201000247714], [-76.30655199972647, 36.829438000250015], [-76.3065760000159, 36.82991700033109], [-76.30658000021386, 36.83001500021082], [-76.30658799971148, 36.83017199964636], [-76.30670400006242, 36.83012400034773], [-76.30712800038494, 36.82993999988122], [-76.30743800000634, 36.82981300002797], [-76.30774099995504, 36.82967599968946], [-76.30799500039826, 36.82958300023831], [-76.30832000008827, 36.82948099982891], [-76.30851599990686, 36.82942900011771], [-76.30884700034296, 36.82935699974018], [-76.30911699978138, 36.82932200006147], [-76.30915600013945, 36.829306000120866], [-76.30921300004086, 36.82931500026763], [-76.30961300007395, 36.829376999652126], [-76.31036600028443, 36.829537999651485], [-76.31134799992549, 36.82975599969123], [-76.31267199987329, 36.8300429998452]]]}, "properties": {"GEOID": "51740212000", "NAME": "2120", "n_parcels": 884, "cwi": 34.1, "econ": 28.0, "edu": 3.2, "env": 59.7, "infra": 66.0, "health": 78.4, "housing": 2.3, "safety": 19.3, "ind_NUMPOINTS_cime_data": 19.3, "ind_RISK_SCORE_flood": 62.4, "ind_HubDist_bus_stop": 66.0, "ind_HubDist_hospital": 78.4, "ind_NatWalkInd_walking_index": 57.0, "ind_pct_own_occ_hous_unit": 2.3, "ind_pct_unemp_rate_16yover": 28.0, "ind_pct_no_high_schl_dip": 2.5, "ind_pct_in_college": 3.9}}, {"type": "Feature", "geometry": {"type": "Polygon", "coordinates": [[[-76.30658799971148, 36.83017199964636], [-76.30658000021386, 36.83001500021082], [-76.3065760000159, 36.82991700033109], [-76.30655199972647, 36.829438000250015], [-76.30654000003088, 36.829201000247714], [-76.30653900020597, 36.82917899993421], [-76.30652199958922, 36.82883399964805], [-76.30651599974145, 36.82869799989765], [-76.3064999998479, 36.82837399996238], [-76.306463000038, 36.82763699997954], [-76.30643799992365, 36.82712400024407], [-76.30642700005298, 36.82689899988047], [-76.30641799983216, 36.82669899980078], [-76.30639299971779, 36.826150000339254], [-76.30635900028092, 36.82539600023979], [-76.30632199957269, 36.82464600013048], [-76.30628599958767, 36.82389500033317], [-76.30625399980063, 36.823149000201454], [-76.30624399975487, 36.82294099975112], [-76.30619900044736, 36.82249099964949], [-76.3061960000743, 36.822401000174516], [-76.30616900031012, 36.821666000021196], [-76.3061390001729, 36.820921000019304], [-76.30610700038585, 36.82018299986705], [-76.30607499970048, 36.81941899976411], [-76.30604600028647, 36.818692999694605], [-76.30554400014614, 36.81874599982472], [-76.30471599959257, 36.818832999782394], [-76.30329999958326, 36.81909300019056], [-76.30073100022868, 36.82006300028047], [-76.29947800042599, 36.82053700006815], [-76.29817000037171, 36.82103099973275], [-76.29682200013445, 36.82153999965596], [-76.2967340002709, 36.82157600029515], [-76.29555599991298, 36.82206100016416], [-76.29548499976785, 36.8220900001034], [-76.29631699962107, 36.82361299994307], [-76.29648400002564, 36.823918000255404], [-76.29672599987498, 36.82435899986586], [-76.29715799969512, 36.82512200003768], [-76.29758700004054, 36.825868000349736], [-76.29797100018008, 36.82659599964928], [-76.29797200000498, 36.826633000278164], [-76.29796199995924, 36.82665300018306], [-76.29720700009892, 36.82689799967283], [-76.29521100013147, 36.827584000254525], [-76.29552199957779, 36.828479000251484], [-76.2945519996323, 36.82882500016375], [-76.29445000042337, 36.82886100025179], [-76.29313499979808, 36.82921899984585], [-76.29433900009529, 36.83193800000068], [-76.2944529998981, 36.83219799974257], [-76.2945430003098, 36.8324000000991], [-76.2955290001488, 36.832181999684416], [-76.29576500015034, 36.83213199993051], [-76.29712599990806, 36.8318330001448], [-76.29715400039548, 36.83182700000488], [-76.297234999688, 36.83180900030126], [-76.29747800026058, 36.83175599987126], [-76.29912199987552, 36.83140199980162], [-76.29922300015787, 36.831382999849076], [-76.29927800040944, 36.83137000006805], [-76.29934199998354, 36.831353999836665], [-76.29943900006793, 36.831329999842914], [-76.29966000000087, 36.831275000218255], [-76.29999100043698, 36.831199999685936], [-76.30035100028708, 36.83115399989825], [-76.30059599961115, 36.831147000272026], [-76.3007329998785, 36.83114200023046], [-76.30110000029961, 36.83113099999406], [-76.30295399997686, 36.83108199970613], [-76.30471800014071, 36.830859999945474], [-76.30510599957991, 36.83074899982355], [-76.3058429998969, 36.83050300028147], [-76.30600899957822, 36.83042200018016], [-76.3062520001508, 36.83032599970944], [-76.30634599986213, 36.83028500021317], [-76.3065619997722, 36.8301830000207], [-76.30658799971148, 36.83017199964636]]]}, "properties": {"GEOID": "51740212100", "NAME": "2121", "n_parcels": 320, "cwi": 35.3, "econ": 0.9, "edu": 7.7, "env": 77.1, "infra": 66.4, "health": 85.2, "housing": 0.1, "safety": 31.8, "ind_NUMPOINTS_cime_data": 31.8, "ind_RISK_SCORE_flood": 67.3, "ind_HubDist_bus_stop": 66.4, "ind_HubDist_hospital": 85.2, "ind_NatWalkInd_walking_index": 87.0, "ind_pct_own_occ_hous_unit": 0.1, "ind_pct_unemp_rate_16yover": 0.9, "ind_pct_no_high_schl_dip": 15.5, "ind_pct_in_college": 0.0}}, {"type": "Feature", "geometry": {"type": "Polygon", "coordinates": [[[-76.30898399971201, 36.81584000030759], [-76.30909400021515, 36.815785999969805], [-76.30896299979561, 36.815624999802026], [-76.30871199972543, 36.81553300017054], [-76.30845300015767, 36.815483999962076], [-76.30865999984691, 36.814839999752415], [-76.30879899976408, 36.81440599966636], [-76.30883099955112, 36.8143420003536], [-76.30897000036661, 36.81377300031258], [-76.3079130003825, 36.81379399964227], [-76.30766300013724, 36.81380300017518], [-76.30788700044322, 36.81305300008372], [-76.30834100000467, 36.81153599968395], [-76.30839000040848, 36.811360000240654], [-76.3082360004227, 36.811332000242864], [-76.30806800019319, 36.811314999725525], [-76.30703899979818, 36.811138999774165], [-76.30666200022962, 36.811024000310695], [-76.3060610003551, 36.810768999758494], [-76.30532800023607, 36.810554000113655], [-76.3048019998063, 36.810419999648246], [-76.30470899991988, 36.81034599995621], [-76.3046670000871, 36.81030400011865], [-76.30445399965176, 36.81008800017904], [-76.30435599974246, 36.809768999846334], [-76.30428600032059, 36.80847899980583], [-76.30426899970384, 36.80808900016471], [-76.30422000019833, 36.80795499970036], [-76.3041680003198, 36.80791200025315], [-76.30410499967229, 36.80785800007674], [-76.30398900021966, 36.807798999733905], [-76.30404799977089, 36.807587000321256], [-76.30407000041052, 36.807263000193366], [-76.30422600004613, 36.806723000050255], [-76.30436900016124, 36.806478999743405], [-76.30443000026062, 36.80638699990926], [-76.30459699976687, 36.80616799971083], [-76.3048150002251, 36.80596999964255], [-76.30581899960744, 36.80479100014322], [-76.30674900026827, 36.8037070001384], [-76.30692400017044, 36.80350200018313], [-76.30694799956159, 36.803474000188714], [-76.30706399991254, 36.80333899976386], [-76.30696000015546, 36.80331200022579], [-76.30665800003166, 36.80305099964449], [-76.3065829996886, 36.80292900021139], [-76.30647999975643, 36.80270399992766], [-76.30640500031167, 36.80249800035733], [-76.30631099970203, 36.80220699980006], [-76.30625399980063, 36.8017490001092], [-76.30618000018077, 36.80145699976226], [-76.30614199964764, 36.80127899980264], [-76.30606700020287, 36.801026000255476], [-76.30592699956249, 36.80078199977817], [-76.30575300038352, 36.800640000103634], [-76.3056549995759, 36.800546999895474], [-76.30551400000891, 36.80051000032263], [-76.30524200002235, 36.800481999953654], [-76.30480099998138, 36.80052400014366], [-76.30424799978744, 36.800614000165076], [-76.30384500027962, 36.800660000326964], [-76.30336700042874, 36.80064199976653], [-76.30310499958959, 36.8006039996884], [-76.30278599974737, 36.800491999726944], [-76.30249500039254, 36.80032299964207], [-76.30220499996432, 36.80009800033369], [-76.30187600007633, 36.79971400022701], [-76.30154800001328, 36.79932899978513], [-76.3014519997538, 36.7991060001369], [-76.30072100018295, 36.79844899993427], [-76.2998020002911, 36.7983740003213], [-76.29603799996181, 36.79891100007361], [-76.29533099978208, 36.79901199965193], [-76.29433700044547, 36.79891900034424], [-76.2936999996876, 36.79884399975288], [-76.29284899956782, 36.798766000239645], [-76.29247799984705, 36.79871200008744], [-76.29214399993621, 36.79866299990308], [-76.29156200032824, 36.79994799994798], [-76.29066199980464, 36.80454799993376], [-76.29016200021246, 36.80804699980821], [-76.29013799992302, 36.80822299967525], [-76.29012799987727, 36.80829699998075], [-76.29011899965643, 36.80836499967361], [-76.29006099993013, 36.808742000037455], [-76.29039400001605, 36.81164100006222], [-76.29067600004835, 36.813858999791314], [-76.29093499961613, 36.81588999992051], [-76.29126199985427, 36.81844799982371], [-76.29096200027861, 36.81927700013378], [-76.29087799971471, 36.81950800028434], [-76.28996200019593, 36.8220480002374], [-76.29022400013673, 36.82264099973769], [-76.29293599960644, 36.828768999993144], [-76.29313499979808, 36.82921899984585], [-76.29445000042337, 36.82886100025179], [-76.2945519996323, 36.82882500016375], [-76.29552199957779, 36.828479000251484], [-76.29521100013147, 36.827584000254525], [-76.29720700009892, 36.82689799967283], [-76.29796199995924, 36.82665300018306], [-76.29797200000498, 36.826633000278164], [-76.29797100018008, 36.82659599964928], [-76.29758700004054, 36.825868000349736], [-76.29715799969512, 36.82512200003768], [-76.29672599987498, 36.82435899986586], [-76.29648400002564, 36.823918000255404], [-76.29631699962107, 36.82361299994307], [-76.29548499976785, 36.8220900001034], [-76.29555599991298, 36.82206100016416], [-76.2967340002709, 36.82157600029515], [-76.29682200013445, 36.82153999965596], [-76.29817000037171, 36.82103099973275], [-76.29947800042599, 36.82053700006815], [-76.30073100022868, 36.82006300028047], [-76.30329999958326, 36.81909300019056], [-76.30471599959257, 36.818832999782394], [-76.30554400014614, 36.81874599982472], [-76.30604600028647, 36.818692999694605], [-76.30603200004278, 36.81845100005876], [-76.30601000030146, 36.81806100015869], [-76.30604700011139, 36.817833000214954], [-76.30610599966262, 36.81763199984314], [-76.30619699989921, 36.8174579999752], [-76.30623299988423, 36.81737299983803], [-76.30635900028092, 36.817150999855215], [-76.30665499965863, 36.81686699982609], [-76.30700299981316, 36.81661799993383], [-76.307196000157, 36.81649700016738], [-76.30731400015779, 36.81644700023186], [-76.30789999996371, 36.816199999668186], [-76.3081600002547, 36.81611399994292], [-76.30898399971201, 36.81584000030759]]]}, "properties": {"GEOID": "51740980100", "NAME": "9801", "n_parcels": 23, "cwi": 58.4, "econ": 100.0, "edu": 100.0, "env": 73.0, "infra": 70.6, "health": 13.7, "housing": 0.0, "safety": 55.6, "ind_NUMPOINTS_cime_data": 55.6, "ind_RISK_SCORE_flood": 100.0, "ind_HubDist_bus_stop": 70.6, "ind_HubDist_hospital": 13.7, "ind_NatWalkInd_walking_index": 46.0, "ind_pct_own_occ_hous_unit": 0.0, "ind_pct_unemp_rate_16yover": 100.0, "ind_pct_no_high_schl_dip": 100.0, "ind_pct_in_college": 99.9}}, {"type": "Feature", "geometry": {"type": "Polygon", "coordinates": [[[-76.33045300018055, 36.83633899965479], [-76.33046099967815, 36.8361129997033], [-76.33043999976175, 36.835483999812595], [-76.33041399982248, 36.8346470002379], [-76.3302320002476, 36.83279000026072], [-76.33016399957725, 36.83188699994485], [-76.33011199969869, 36.831315999903005], [-76.3300339998809, 36.830481999784055], [-76.33001399978941, 36.830120999851346], [-76.32996199991088, 36.829337999998785], [-76.32993900034465, 36.82907200024737], [-76.32976899956702, 36.82703099984802], [-76.32933799957179, 36.827265000211376], [-76.32852699963499, 36.82765200007146], [-76.328386000068, 36.827722000221726], [-76.3275910000247, 36.82812200026257], [-76.32722699997662, 36.82830099984087], [-76.3268939998907, 36.82842599967161], [-76.32636400016128, 36.82866500028657], [-76.3255359996077, 36.82904099971882], [-76.32468799986097, 36.82944600020693], [-76.32377900001485, 36.829882000189535], [-76.32347299969311, 36.8300119997101], [-76.32185099981947, 36.83070799983499], [-76.32137999964127, 36.830913999713374], [-76.32118299999777, 36.8309839997552], [-76.32061999975808, 36.831182999986424], [-76.32016000034886, 36.83134300034977], [-76.31995699995927, 36.8313579997151], [-76.31969099982047, 36.8313739999456], [-76.31933500016832, 36.83135299968733], [-76.31894199980795, 36.83131800020273], [-76.31854299959977, 36.831266999733565], [-76.3179529995959, 36.83120599987504], [-76.31749599966139, 36.831184000138045], [-76.31669499977032, 36.831043000202904], [-76.3160369999944, 36.830873999968844], [-76.31584299982562, 36.83082400007903], [-76.31565000038009, 36.830733000181375], [-76.31548100032569, 36.830653999921694], [-76.315214000362, 36.830601000129526], [-76.31463000020591, 36.83050099996043], [-76.31394300011765, 36.83038399978356], [-76.31267199987329, 36.8300429998452], [-76.31134799992549, 36.82975599969123], [-76.31036600028443, 36.829537999651485], [-76.30961300007395, 36.829376999652126], [-76.30921300004086, 36.82931500026763], [-76.30915600013945, 36.829306000120866], [-76.30911699978138, 36.82932200006147], [-76.30884700034296, 36.82935699974018], [-76.30851599990686, 36.82942900011771], [-76.30832000008827, 36.82948099982891], [-76.30799500039826, 36.82958300023831], [-76.30774099995504, 36.82967599968946], [-76.30743800000634, 36.82981300002797], [-76.30712800038494, 36.82993999988122], [-76.30670400006242, 36.83012400034773], [-76.30658799971148, 36.83017199964636], [-76.30660199995518, 36.83045400031034], [-76.306611000176, 36.83064200017548], [-76.30662399969647, 36.83090700006518], [-76.30664200013814, 36.83125699966579], [-76.30666399987945, 36.83169999968901], [-76.30668499979583, 36.83213699990737], [-76.30672900017676, 36.83286899975267], [-76.3067529995679, 36.83324299984404], [-76.30677100000958, 36.83364000013963], [-76.30688099961444, 36.83363799990062], [-76.308330000134, 36.8336050002634], [-76.30836500029412, 36.83435199993846], [-76.30840200010404, 36.835143999700065], [-76.30840499957877, 36.835205000013374], [-76.30842200019552, 36.835625000189864], [-76.30843700026414, 36.83597100013659], [-76.30846700040136, 36.8367150001941], [-76.30936299982868, 36.836687000125885], [-76.31006599981046, 36.83667700004766], [-76.31070199984511, 36.83666699996814], [-76.31145300040578, 36.83664699980516], [-76.31289799982909, 36.83660900034388], [-76.3141020001263, 36.83657599983149], [-76.3145020001594, 36.83656599973876], [-76.31542000022633, 36.83655500028232], [-76.31567200012141, 36.836590000246716], [-76.31647100036265, 36.836672999728414], [-76.31739399955414, 36.83684599968396], [-76.31845800010927, 36.837123999894224], [-76.31949900019987, 36.837311999903356], [-76.32068599988033, 36.83740199981301], [-76.3213450003795, 36.837393999969116], [-76.32220599964671, 36.83738299991279], [-76.32285500010012, 36.83737500006691], [-76.32365099996834, 36.83737600013756], [-76.32384199976404, 36.83737600013756], [-76.32412399979634, 36.83737299992556], [-76.32439199958496, 36.83737399999625], [-76.32494300012908, 36.83738800026539], [-76.32514200032071, 36.837405000023814], [-76.32538900019293, 36.8374390002484], [-76.3256269998443, 36.837488000059054], [-76.32568000044607, 36.83750100023833], [-76.32612599961158, 36.8376350000217], [-76.3264650004436, 36.83772100000581], [-76.32663199994987, 36.837751999892795], [-76.32683100014151, 36.83777700009394], [-76.32693099970062, 36.83778499989778], [-76.32703100015804, 36.83779299970078], [-76.32712599969429, 36.837795999896294], [-76.32728200022821, 36.837801000221894], [-76.32751099965876, 36.837790000224096], [-76.32792199956249, 36.8377709997013], [-76.32841899967995, 36.837746000217145], [-76.32854599990156, 36.83773899975618], [-76.32891900017046, 36.83771799980735], [-76.33034600005044, 36.837639000290636], [-76.33039299990608, 36.8372999997636], [-76.33043999976175, 36.83676299967101], [-76.33045300018055, 36.83633899965479]]]}, "properties": {"GEOID": "51740211100", "NAME": "2111", "n_parcels": 876, "cwi": 41.1, "econ": 62.7, "edu": 12.2, "env": 60.8, "infra": 63.8, "health": 79.6, "housing": 4.8, "safety": 16.1, "ind_NUMPOINTS_cime_data": 16.1, "ind_RISK_SCORE_flood": 39.7, "ind_HubDist_bus_stop": 63.8, "ind_HubDist_hospital": 79.6, "ind_NatWalkInd_walking_index": 81.8, "ind_pct_own_occ_hous_unit": 4.8, "ind_pct_unemp_rate_16yover": 62.7, "ind_pct_no_high_schl_dip": 18.0, "ind_pct_in_college": 6.4}}, {"type": "Feature", "geometry": {"type": "Polygon", "coordinates": [[[-76.35213000016324, 36.85311499977706], [-76.35626500021328, 36.84914799969726], [-76.3504649997336, 36.84564799980048], [-76.35033000001438, 36.845528999860306], [-76.35014199969342, 36.845321999837175], [-76.35006700024864, 36.84517199964739], [-76.35012300032515, 36.84502199988224], [-76.35017000018081, 36.84498500023996], [-76.35026499971706, 36.84474800024166], [-76.35011400010433, 36.84388800030299], [-76.35000100012643, 36.843625000072436], [-76.34989700036934, 36.84346100027437], [-76.34971099969819, 36.84328800018507], [-76.34977099997263, 36.84302200005719], [-76.34978600004125, 36.84286599967607], [-76.34975799955386, 36.84266899964793], [-76.34957900035202, 36.842347999952665], [-76.34947600041986, 36.84220999977027], [-76.34937299958938, 36.84202200029846], [-76.34932599973372, 36.84188200022332], [-76.34929800014463, 36.841778999665436], [-76.34927999970296, 36.841619000282634], [-76.34922199997663, 36.8410999999985], [-76.34927700022824, 36.84104700025474], [-76.3493459998252, 36.840994999778594], [-76.34942600019114, 36.84095400024927], [-76.34967100041352, 36.84088099991067], [-76.34982200002626, 36.840824999938555], [-76.35012699962479, 36.840692000020084], [-76.35013500002071, 36.84070899976311], [-76.35017500020368, 36.84075100016924], [-76.35022100023444, 36.840775000082814], [-76.35027499976279, 36.840785999651295], [-76.35033000001438, 36.840783000292], [-76.35037100002226, 36.84076999995166], [-76.3504150004032, 36.84074399998333], [-76.35044200016739, 36.840715999952224], [-76.35046100043395, 36.84067500027333], [-76.35046200025886, 36.84062200023498], [-76.35044299999228, 36.840579999758], [-76.35079899964443, 36.84044800016292], [-76.35096600004901, 36.84037600009169], [-76.3510499997146, 36.8403280000065], [-76.35112300040785, 36.84026500011858], [-76.35117399956316, 36.8402000001114], [-76.35123499966254, 36.84007300003744], [-76.35128900008921, 36.84000000029576], [-76.35136000023431, 36.839918000148266], [-76.35124700025642, 36.83983599991286], [-76.35116799971539, 36.8397629999449], [-76.35112400023276, 36.839716000233985], [-76.35103999966887, 36.839614999717355], [-76.35098899961524, 36.839572000083315], [-76.35091400017049, 36.839527999663645], [-76.35027700031092, 36.83922299975142], [-76.34959400042064, 36.83889599966598], [-76.3494219999932, 36.83879400017109], [-76.34925999961149, 36.838679999898076], [-76.34883000033948, 36.83832800035386], [-76.34884200003505, 36.838303000332765], [-76.3495349999711, 36.83759700033235], [-76.3497619997518, 36.837362999937035], [-76.34983100024711, 36.83729899969195], [-76.34994099985194, 36.83722600017833], [-76.3497400000105, 36.837158000243654], [-76.34838000007768, 36.836310000083294], [-76.34761699982144, 36.835832999950675], [-76.34754999987429, 36.835790999719606], [-76.34720500009279, 36.83557599990465], [-76.34680500005972, 36.83532699977507], [-76.34614700028376, 36.835795000084985], [-76.34532100027833, 36.83636699985047], [-76.34528000027046, 36.83639600011928], [-76.34429600008129, 36.83708700002536], [-76.34332199993784, 36.83771599967498], [-76.34226900015169, 36.83840599982065], [-76.34167300030002, 36.838809000232224], [-76.34133900038917, 36.83902999988105], [-76.34062399981352, 36.83952400021246], [-76.33976799967085, 36.84009400005859], [-76.33859299968596, 36.840989000357354], [-76.33866300000618, 36.84188600027012], [-76.33873099977822, 36.842772999726], [-76.33886499967254, 36.84455399996014], [-76.33890499985549, 36.8451050002775], [-76.33892099974904, 36.84524300026755], [-76.3389330003429, 36.84552999982428], [-76.33896299958182, 36.84591300017983], [-76.33898400039654, 36.84636199986554], [-76.33900000029006, 36.8463749999741], [-76.33901700000848, 36.84639900027922], [-76.33914599987993, 36.84812499971612], [-76.33976199982307, 36.848092999790374], [-76.34039200000993, 36.84805999992024], [-76.34049199956904, 36.84931799972392], [-76.34122600041127, 36.849561000120566], [-76.34211900036387, 36.84985699988861], [-76.34214399957992, 36.85057599967394], [-76.34216399967138, 36.851148000303084], [-76.3421999996564, 36.852024999912004], [-76.34236700006097, 36.854125000326285], [-76.34238700015247, 36.85430400014884], [-76.3423970001982, 36.85439800029736], [-76.34253399956724, 36.85443499969708], [-76.34306400019499, 36.85460299977682], [-76.34313299979195, 36.854625999810345], [-76.34351399955845, 36.85477500029739], [-76.34390400044413, 36.85495999979848], [-76.34428600003554, 36.85515599994696], [-76.34454899980126, 36.8553029997285], [-76.34465699975631, 36.8553639997749], [-76.34509500032252, 36.855630000091594], [-76.34547199989106, 36.85587100017377], [-76.34575999977116, 36.85607000033988], [-76.3458689995511, 36.856033000294005], [-76.34689000044854, 36.85568799966483], [-76.34723299968189, 36.85554800017372], [-76.35009599966266, 36.854381999851995], [-76.35112400023276, 36.85394899964637], [-76.35136500025719, 36.85384799995942], [-76.35213000016324, 36.85311499977706]]]}, "properties": {"GEOID": "51740210300", "NAME": "2103", "n_parcels": 915, "cwi": 43.3, "econ": 65.3, "edu": 46.1, "env": 47.5, "infra": 49.2, "health": 22.6, "housing": 37.8, "safety": 35.5, "ind_NUMPOINTS_cime_data": 35.5, "ind_RISK_SCORE_flood": 79.0, "ind_HubDist_bus_stop": 49.2, "ind_HubDist_hospital": 22.6, "ind_NatWalkInd_walking_index": 16.0, "ind_pct_own_occ_hous_unit": 37.8, "ind_pct_unemp_rate_16yover": 65.3, "ind_pct_no_high_schl_dip": 7.0, "ind_pct_in_college": 85.2}}, {"type": "Feature", "geometry": {"type": "Polygon", "coordinates": [[[-76.32865399985658, 36.79324800010878], [-76.32880600019256, 36.79299899965621], [-76.3277450000105, 36.79316900000375], [-76.32762199998683, 36.793189000019815], [-76.32683299979132, 36.79331099986101], [-76.32505399955885, 36.79358899996441], [-76.32482599995323, 36.793622000310776], [-76.3228180002902, 36.79391099983751], [-76.32254299993059, 36.79394599988292], [-76.32262699959618, 36.79414799977086], [-76.32263900019005, 36.79417700021313], [-76.32214299989752, 36.794369000359254], [-76.32199999978238, 36.794424999801706], [-76.32132000026513, 36.79476899989735], [-76.32108099989054, 36.7948680000882], [-76.3210230001642, 36.794892000006215], [-76.32096200006484, 36.794912000291816], [-76.32072299969023, 36.79499199994332], [-76.32040899987088, 36.79507400003891], [-76.32039299997737, 36.795076999751274], [-76.32004399999789, 36.7951400001574], [-76.31998399972345, 36.79515099981194], [-76.31925499980238, 36.795259000063794], [-76.31898100016602, 36.79530000033936], [-76.31819000032068, 36.79541700019789], [-76.31802200009118, 36.79544199984328], [-76.31717400034444, 36.79556700010559], [-76.31697400032789, 36.79559699990803], [-76.31581100003858, 36.79576900003517], [-76.31574999993921, 36.7957779998095], [-76.3123909996659, 36.796275999823116], [-76.31092500032618, 36.79652100015392], [-76.30297099969528, 36.7978490002552], [-76.30284000017403, 36.79893699987097], [-76.30183599989337, 36.79905899990883], [-76.3014519997538, 36.7991060001369], [-76.30154800001328, 36.79932899978513], [-76.30187600007633, 36.79971400022701], [-76.30220499996432, 36.80009800033369], [-76.30249500039254, 36.80032299964207], [-76.30278599974737, 36.800491999726944], [-76.30310499958959, 36.8006039996884], [-76.30336700042874, 36.80064199976653], [-76.30384500027962, 36.800660000326964], [-76.30424799978744, 36.800614000165076], [-76.30480099998138, 36.80052400014366], [-76.30524200002235, 36.800481999953654], [-76.30551400000891, 36.80051000032263], [-76.3056549995759, 36.800546999895474], [-76.30575300038352, 36.800640000103634], [-76.30592699956249, 36.80078199977817], [-76.30606700020287, 36.801026000255476], [-76.30614199964764, 36.80127899980264], [-76.30618000018077, 36.80145699976226], [-76.30625399980063, 36.8017490001092], [-76.30631099970203, 36.80220699980006], [-76.30640500031167, 36.80249800035733], [-76.30647999975643, 36.80270399992766], [-76.3065829996886, 36.80292900021139], [-76.30665800003166, 36.80305099964449], [-76.30696000015546, 36.80331200022579], [-76.30706399991254, 36.80333899976386], [-76.30694799956159, 36.803474000188714], [-76.30692400017044, 36.80350200018313], [-76.30674900026827, 36.8037070001384], [-76.30581899960744, 36.80479100014322], [-76.3048150002251, 36.80596999964255], [-76.30459699976687, 36.80616799971083], [-76.30443000026062, 36.80638699990926], [-76.30436900016124, 36.806478999743405], [-76.30422600004613, 36.806723000050255], [-76.30407000041052, 36.807263000193366], [-76.30404799977089, 36.807587000321256], [-76.30398900021966, 36.807798999733905], [-76.30410499967229, 36.80785800007674], [-76.3041680003198, 36.80791200025315], [-76.30422000019833, 36.80795499970036], [-76.30426899970384, 36.80808900016471], [-76.30428600032059, 36.80847899980583], [-76.30435599974246, 36.809768999846334], [-76.30445399965176, 36.81008800017904], [-76.3046670000871, 36.81030400011865], [-76.30470899991988, 36.81034599995621], [-76.3048019998063, 36.810419999648246], [-76.30532800023607, 36.810554000113655], [-76.3060610003551, 36.810768999758494], [-76.30666200022962, 36.811024000310695], [-76.30703899979818, 36.811138999774165], [-76.30806800019319, 36.811314999725525], [-76.3082360004227, 36.811332000242864], [-76.30839000040848, 36.811360000240654], [-76.30834100000467, 36.81153599968395], [-76.30788700044322, 36.81305300008372], [-76.30766300013724, 36.81380300017518], [-76.3079130003825, 36.81379399964227], [-76.30897000036661, 36.81377300031258], [-76.30883099955112, 36.8143420003536], [-76.30879899976408, 36.81440599966636], [-76.30865999984691, 36.814839999752415], [-76.30845300015767, 36.815483999962076], [-76.30871199972543, 36.81553300017054], [-76.30896299979561, 36.815624999802026], [-76.30909400021515, 36.815785999969805], [-76.31045599979781, 36.81511400009066], [-76.31125199966601, 36.81472599974274], [-76.31137399986474, 36.81466699965842], [-76.31174100028588, 36.81448799983141], [-76.3118989995713, 36.814390000202806], [-76.31223900022823, 36.814230000348665], [-76.31262699966744, 36.81396300020256], [-76.31269100013986, 36.81391300005014], [-76.31380300037556, 36.81304099973485], [-76.31444400043307, 36.81253899999683], [-76.31448899974059, 36.812501999745436], [-76.31450700018225, 36.81249400017472], [-76.3147850000166, 36.812228000126595], [-76.31532499979176, 36.81172499968572], [-76.31566799992345, 36.811423000198204], [-76.31579799961978, 36.811309000134294], [-76.31589499970417, 36.811223999641804], [-76.31623899966075, 36.810906000143824], [-76.31647800003536, 36.810670999684135], [-76.31680699992332, 36.81030199998883], [-76.31687800006843, 36.81020800030063], [-76.31699500024429, 36.810051999890156], [-76.31708599958257, 36.809930999813915], [-76.31718000019222, 36.809830000251736], [-76.31722299984993, 36.80977500027743], [-76.31735799956913, 36.80960500010713], [-76.31747200027027, 36.80945999966356], [-76.31826099956747, 36.80853300026343], [-76.3184039996826, 36.80835500020906], [-76.31986900009572, 36.806598000013764], [-76.32004599964772, 36.806384999677114], [-76.3201360000594, 36.80627700000938], [-76.3210010004229, 36.80523899975115], [-76.32102099961607, 36.805215999969946], [-76.3211839998227, 36.804994999750264], [-76.32153799982501, 36.804456999719044], [-76.32191199991883, 36.803840000335114], [-76.322303999556, 36.80320600013555], [-76.32239399996769, 36.80306499972031], [-76.32277100043454, 36.802436999864945], [-76.32315600039901, 36.801812000062654], [-76.32351600024911, 36.80123200018882], [-76.32388399959684, 36.80063699988981], [-76.32401099981843, 36.80043200034813], [-76.32426299971351, 36.80002499985654], [-76.32463000013463, 36.79944799965753], [-76.32499599983254, 36.79885200003046], [-76.32536900010145, 36.798240000120366], [-76.32573700034747, 36.79765600032925], [-76.32610499969518, 36.79702799999985], [-76.32647700013918, 36.79641099975], [-76.32683199996642, 36.79583999974498], [-76.32727700020534, 36.79506699999033], [-76.32743299984095, 36.795000999809], [-76.32803799991345, 36.79412500025564], [-76.32841200000726, 36.79360899987083], [-76.32865399985658, 36.79324800010878]]]}, "properties": {"GEOID": "51740212300", "NAME": "2123", "n_parcels": 1549, "cwi": 45.5, "econ": 10.9, "edu": 24.5, "env": 50.6, "infra": 91.9, "health": 62.1, "housing": 43.2, "safety": 55.0, "ind_NUMPOINTS_cime_data": 55.0, "ind_RISK_SCORE_flood": 30.5, "ind_HubDist_bus_stop": 91.9, "ind_HubDist_hospital": 62.1, "ind_NatWalkInd_walking_index": 70.8, "ind_pct_own_occ_hous_unit": 43.2, "ind_pct_unemp_rate_16yover": 10.9, "ind_pct_no_high_schl_dip": 31.8, "ind_pct_in_college": 17.3}}, {"type": "Feature", "geometry": {"type": "Polygon", "coordinates": [[[-76.3979019998705, 36.82376299998922], [-76.39792699998485, 36.823718999823974], [-76.39742700039264, 36.823417000197054], [-76.3973880000346, 36.82339400012424], [-76.39717600032249, 36.823251999959325], [-76.39671000016716, 36.82294000021086], [-76.39661700028076, 36.822874000322344], [-76.39637600025631, 36.822717000293395], [-76.39612400036125, 36.82257299978209], [-76.39605499986595, 36.822542999761275], [-76.39568300032029, 36.82239500001401], [-76.39548300030374, 36.82232699983983], [-76.39512299955533, 36.82222600009349], [-76.39475799968234, 36.82213899967825], [-76.39342600023691, 36.82190099980577], [-76.39200199983169, 36.821648999641624], [-76.3907769996181, 36.82143100023416], [-76.38871700007654, 36.82107000002463], [-76.3886090001215, 36.82105099966365], [-76.38726500008221, 36.82081199971593], [-76.38567199962257, 36.82053800035892], [-76.38515500031194, 36.8204430000038], [-76.38399399967244, 36.82023800027388], [-76.38192699955988, 36.819872999711265], [-76.38050899990075, 36.81962499983313], [-76.37900800040093, 36.81935999970158], [-76.37775399987501, 36.81913900003807], [-76.3770989995738, 36.81902300005688], [-76.37694100028837, 36.81899499998554], [-76.37675200014249, 36.81896199978553], [-76.37612899962834, 36.818850999662075], [-76.3752969997751, 36.81870699978679], [-76.37405499984307, 36.81849099982547], [-76.37320899974615, 36.81834500007237], [-76.37227300013586, 36.818177000159594], [-76.3689039998168, 36.817585000198875], [-76.36799800034375, 36.817424999831644], [-76.36740499996682, 36.817320999809084], [-76.36645799958755, 36.81715600009194], [-76.36625400027137, 36.81711699996297], [-76.36597600043703, 36.817062999806936], [-76.36577899989523, 36.81701900010444], [-76.36554999956637, 36.81694799989371], [-76.3648979996382, 36.81674599973416], [-76.36376899968407, 36.816397999889325], [-76.36364300018569, 36.81635999971951], [-76.36353000020779, 36.81633099976651], [-76.3632430001526, 36.816270999853636], [-76.36292900033324, 36.816222000117605], [-76.36217600012274, 36.81611999987669], [-76.36196500023556, 36.81609099983274], [-76.3619629996874, 36.81619500008822], [-76.36196699988538, 36.816284000042515], [-76.36197100008334, 36.81631499998611], [-76.36200700006835, 36.81635999971951], [-76.36204300005335, 36.8163910003515], [-76.36213799958959, 36.816476999765605], [-76.36219200001626, 36.81657099966691], [-76.36220999955962, 36.816714999965065], [-76.36225899996342, 36.81681900009186], [-76.36234500017714, 36.81688199987171], [-76.36250199963767, 36.81689100004153], [-76.3626230000115, 36.816908999658764], [-76.3627229995706, 36.816983999816365], [-76.36279000041607, 36.817092999818406], [-76.36289300034822, 36.8172279997246], [-76.36300700015106, 36.81727999981673], [-76.36316299978665, 36.81728199976423], [-76.36329400020622, 36.81731300002279], [-76.36337399967385, 36.817381000337186], [-76.36336500035132, 36.81743500026889], [-76.36325300019834, 36.81753500025485], [-76.36308400014394, 36.81769499967297], [-76.36303800011319, 36.81773699977046], [-76.36299100025754, 36.817806999642], [-76.36299100025754, 36.81786800011479], [-76.36298700005955, 36.817923000027854], [-76.36304200031115, 36.817990000195394], [-76.36309400018968, 36.818041000165586], [-76.36319700012184, 36.81811599993306], [-76.36325800022122, 36.818200999964205], [-76.36330000005401, 36.818298999747654], [-76.36328099978743, 36.818406999715855], [-76.36322999973382, 36.81847299986111], [-76.36318799990103, 36.81852400022856], [-76.3631450002433, 36.81857999998659], [-76.36313600002246, 36.81862299991423], [-76.3631450002433, 36.81868399973669], [-76.36312699980165, 36.818772999673385], [-76.36309400018968, 36.81880499964148], [-76.36295799974725, 36.81882899996832], [-76.3628690000588, 36.81882399984093], [-76.36270000000438, 36.81880099982595], [-76.36247900007146, 36.81866399990638], [-76.36234799965189, 36.81861300035131], [-76.36225499976545, 36.81860899980665], [-76.36216600007701, 36.81860899980665], [-76.36210499997765, 36.818637000019265], [-76.36202499961169, 36.818688000277426], [-76.36194500014406, 36.81873499996354], [-76.36183800001395, 36.81875400018036], [-76.36174400030262, 36.81874500022967], [-76.36169700044694, 36.81872999983001], [-76.36155599998163, 36.818697999830555], [-76.36146300009521, 36.81870199965142], [-76.36134099989648, 36.818740000096746], [-76.36124200016228, 36.81880999977012], [-76.3611860000858, 36.818917999736406], [-76.36117699986495, 36.81907299974799], [-76.36116400034447, 36.81929800011094], [-76.36105499966621, 36.81936799999305], [-76.36101700003138, 36.81936799999305], [-76.36098000022146, 36.819362999900875], [-76.3609049998784, 36.819345000141546], [-76.36085299999985, 36.819301999900446], [-76.36082000038787, 36.81925499984337], [-76.3607919999005, 36.81920399996303], [-76.3607919999005, 36.81915199973983], [-76.36082500041076, 36.81907700026839], [-76.36086700024356, 36.81897900004289], [-76.3609049998784, 36.818880000098545], [-76.36090900007635, 36.81884300003566], [-76.36086700024356, 36.81878699975098], [-76.36083899975614, 36.818763000130055], [-76.3607080002349, 36.81880099982595], [-76.36068899996833, 36.81882000002645], [-76.36068399994545, 36.818890000345725], [-76.36066999970176, 36.818998000199144], [-76.36063299989182, 36.81915199973983], [-76.36059100005902, 36.81922300006343], [-76.36049700034769, 36.819329999859534], [-76.36034699966157, 36.819428999940875], [-76.36022500036114, 36.81950899986947], [-76.3601590002389, 36.81956500034502], [-76.36011700040609, 36.81962100006046], [-76.36009800013953, 36.81971000034583], [-76.36008399989582, 36.819798999808526], [-76.36007999969786, 36.8198790000695], [-76.36005600030673, 36.81997699986173], [-76.3600189995985, 36.82007599982523], [-76.35997199974283, 36.82019799998193], [-76.35993900013086, 36.8203239996802], [-76.35995800039746, 36.820431999667385], [-76.36003799986507, 36.82049800022377], [-76.36010300016241, 36.82051199998582], [-76.36023399968367, 36.8205400002213], [-76.36039799971518, 36.820577000182915], [-76.3606379999147, 36.82059099993051], [-76.36081799983975, 36.820649999763184], [-76.36095199973404, 36.82071299998532], [-76.36099399956684, 36.8207319997111], [-76.36107800013075, 36.82076999986762], [-76.36113400020726, 36.82082999984926], [-76.36113400020726, 36.820909999751656], [-76.36111999996353, 36.82100399996153], [-76.36107300010788, 36.82107000002463], [-76.36103600029794, 36.82112600007709], [-76.3609890004423, 36.821220000021675], [-76.36094699971119, 36.82132699990223], [-76.36086700024356, 36.82147700011461], [-76.36077299963391, 36.821599000195256], [-76.36069399999118, 36.82165999980307], [-76.36063299989182, 36.821688000337645], [-76.36052499993679, 36.821711999760446], [-76.3604689998603, 36.82169800021792], [-76.36021600014031, 36.82164100030768], [-76.35992999991004, 36.821599000195256], [-76.35973800028943, 36.821589999859945], [-76.35941100005128, 36.82162899986696], [-76.35896400016252, 36.82176300012683], [-76.35876699962071, 36.821753999810845], [-76.35865500036604, 36.82172600001948], [-76.35849499963415, 36.821651000194045], [-76.35833599962548, 36.82157600029515], [-76.3580829999055, 36.821462999810024], [-76.35780199969813, 36.82139799964627], [-76.35760500005462, 36.82136999972471], [-76.35736999987799, 36.821331999866096], [-76.35713600042456, 36.821407000004164], [-76.35705199986066, 36.82149099969757], [-76.3569770004159, 36.8216129997559], [-76.35695800014933, 36.82170699982141], [-76.35698599973843, 36.82181999994621], [-76.3570889996706, 36.82200699990081], [-76.3573230000223, 36.8223070002424], [-76.35768000039769, 36.82267300024582], [-76.3580260000041, 36.82296200016105], [-76.35950800013565, 36.82405099985773], [-76.36087399991625, 36.82559799986018], [-76.36206499979467, 36.826248000010644], [-76.36421599957282, 36.82804199999026], [-76.36475200004833, 36.828987000066945], [-76.36535200009796, 36.83163300002061], [-76.36573500041261, 36.83301700009204], [-76.36580700038263, 36.83414200023852], [-76.36581700042838, 36.83430399966756], [-76.36606500012547, 36.83824799997005], [-76.37449400023422, 36.83841500033472], [-76.37656600036964, 36.83844800005369], [-76.38346599959284, 36.837547999872555], [-76.38523300012974, 36.83641600034789], [-76.38846600000636, 36.83434800021662], [-76.38879599971925, 36.83351600032112], [-76.38946600008907, 36.83294799988198], [-76.39091499971035, 36.83178800016242], [-76.39546599968699, 36.82814800020724], [-76.39789199982475, 36.82378199967688], [-76.3979019998705, 36.82376299998922]]]}, "properties": {"GEOID": "51740212900", "NAME": "2129", "n_parcels": 2360, "cwi": 50.5, "econ": 48.1, "edu": 53.0, "env": 38.6, "infra": 32.1, "health": 38.9, "housing": 74.1, "safety": 59.2, "ind_NUMPOINTS_cime_data": 59.2, "ind_RISK_SCORE_flood": 37.2, "ind_HubDist_bus_stop": 32.1, "ind_HubDist_hospital": 38.9, "ind_NatWalkInd_walking_index": 40.0, "ind_pct_own_occ_hous_unit": 74.1, "ind_pct_unemp_rate_16yover": 48.1, "ind_pct_no_high_schl_dip": 78.3, "ind_pct_in_college": 27.7}}, {"type": "Feature", "geometry": {"type": "Polygon", "coordinates": [[[-76.40776799990493, 36.89664799986834], [-76.40764300023145, 36.89663899974627], [-76.4073579998261, 36.89674999974067], [-76.40714100009114, 36.896777000064326], [-76.40663499975284, 36.896777000064326], [-76.4062370002679, 36.89678600017013], [-76.40552300041546, 36.89682199986425], [-76.40533300044466, 36.89686799964823], [-76.40516199984211, 36.89693100029132], [-76.4050349996205, 36.89702999975994], [-76.40490900012212, 36.897116999731196], [-76.40465499967891, 36.89726499995822], [-76.40460100015055, 36.89730100014475], [-76.40448399997469, 36.89739199982226], [-76.4042670002397, 36.89741899991884], [-76.40417600000312, 36.89741899991884], [-76.40380500028236, 36.89731000018876], [-76.40244199997647, 36.89704099985261], [-76.40238000005222, 36.89706600005737], [-76.40223600011215, 36.897079000160566], [-76.40152399990954, 36.89695399979471], [-76.40150499964298, 36.89691000008271], [-76.40121699976288, 36.89687299970118], [-76.40113599957203, 36.896904000022076], [-76.40064900039863, 36.89687899976425], [-76.39983000006588, 36.89677900008796], [-76.39946699984273, 36.89674100034904], [-76.39917999978755, 36.89677900008796], [-76.39879900002104, 36.89687299970118], [-76.39853600025532, 36.89692900027166], [-76.39816700018437, 36.89684100007512], [-76.39788599997698, 36.896697999808694], [-76.39768000011264, 36.89659799989524], [-76.39544200029586, 36.896385000174426], [-76.39499899970677, 36.89627300034916], [-76.39456100003883, 36.89617299987886], [-76.39434199975574, 36.89612899971659], [-76.39406100044664, 36.89612300031298], [-76.39367999978181, 36.896185000114635], [-76.39347999976529, 36.89616599974045], [-76.39331099971088, 36.896090999654035], [-76.39319400043333, 36.89602299964607], [-76.39294199963993, 36.89592899970437], [-76.39272400008005, 36.89586599967105], [-76.39244899972044, 36.895829000220175], [-76.39211700035773, 36.8958230000745], [-76.39175499995949, 36.89580999975737], [-76.39147999959988, 36.8958230000745], [-76.39091700025848, 36.895829000220175], [-76.39061099993674, 36.89586599967105], [-76.39031700020885, 36.895815999904], [-76.39017400009372, 36.89583499964689], [-76.38992999969626, 36.89586599967105], [-76.3896860001971, 36.8959160001237], [-76.3894109998375, 36.89604100003444], [-76.38919900012539, 36.896079000121894], [-76.38906100003312, 36.896079000121894], [-76.38893600035965, 36.89604100003444], [-76.38882400020665, 36.89604100003444], [-76.38877999982572, 36.896090999654035], [-76.3887990000923, 36.896185000114635], [-76.3887990000923, 36.89622900024461], [-76.38873600034312, 36.89626000010868], [-76.38866100000004, 36.89625299997821], [-76.38861699961909, 36.896284999850806], [-76.38859200040305, 36.896341000134385], [-76.38853600032655, 36.89643500028707], [-76.38851700005999, 36.896478000257176], [-76.38851700005999, 36.89654099978532], [-76.38852299990776, 36.89657200024107], [-76.38852899975555, 36.89664099977352], [-76.3885039996412, 36.89669699979582], [-76.38846699983128, 36.896735000275065], [-76.38796999971382, 36.89517999969328], [-76.38785799956082, 36.89489799999821], [-76.38775899982662, 36.89483199972041], [-76.38764699967362, 36.89475699975997], [-76.3874969998858, 36.89467300009035], [-76.38500899982377, 36.89426700026422], [-76.38399899969532, 36.89403300022213], [-76.38145299990695, 36.89359000004756], [-76.38073800022961, 36.89350499975737], [-76.38044000030376, 36.893463999659616], [-76.38059299956633, 36.8933170000218], [-76.38070499971933, 36.893150999694534], [-76.38081199984946, 36.893080999820526], [-76.38093099967513, 36.8930030001111], [-76.380907000284, 36.891810999682846], [-76.38088600036761, 36.89077900030099], [-76.38087700014678, 36.89010900001806], [-76.3807020002446, 36.89021599977794], [-76.38062899955135, 36.89003200024579], [-76.38043600010582, 36.889875000161524], [-76.3802169998227, 36.88979000004527], [-76.37997199960031, 36.88926199968809], [-76.37983500023127, 36.88893900002887], [-76.3796600003291, 36.8886510002768], [-76.37948799990164, 36.888443999941046], [-76.37896599966982, 36.88809399990144], [-76.3787809997219, 36.88791799987053], [-76.3786190002385, 36.88736999967429], [-76.37845400038206, 36.88715300023476], [-76.37822800042625, 36.88694000002288], [-76.37775499969993, 36.88672300007967], [-76.37559300005111, 36.88576000020072], [-76.37516100023099, 36.88556000032312], [-76.37475600017503, 36.88536600017123], [-76.37459700016637, 36.8851599997148], [-76.37450699975469, 36.88494900002438], [-76.37445499987615, 36.88437099987816], [-76.37443300013484, 36.88408599995441], [-76.37442200026419, 36.883942000042175], [-76.37441499969319, 36.883843000124614], [-76.37442700028707, 36.88342600028229], [-76.37457500042507, 36.88289499987988], [-76.37490500013794, 36.88145700027285], [-76.3749789997578, 36.88107300033473], [-76.37506999999438, 36.880902999809074], [-76.3754640001797, 36.88046900019979], [-76.37579399989257, 36.880234000029354], [-76.37596899979476, 36.88014899995778], [-76.37632100014726, 36.879979000249364], [-76.37672700002813, 36.87984099974282], [-76.37718099958956, 36.87956299966265], [-76.37739499984981, 36.87926999998459], [-76.37764199972202, 36.87898599994965], [-76.37784599993651, 36.87862799982784], [-76.3779430000209, 36.87815899990481], [-76.37792200010449, 36.87631900017625], [-76.37791999955637, 36.87618600021274], [-76.37794100037108, 36.87494600032155], [-76.37794899986868, 36.874850999998046], [-76.37799499989943, 36.87429699975935], [-76.37800400012027, 36.874146000070155], [-76.3780059997701, 36.873972999721396], [-76.37800900014315, 36.87372400032197], [-76.37800199957213, 36.872920000347015], [-76.37799999992231, 36.87274300022683], [-76.37799700044756, 36.87255299973071], [-76.37797800018099, 36.871331000253846], [-76.37797499980796, 36.87118599965839], [-76.37796899996017, 36.87089700014846], [-76.37795200024173, 36.87056700008718], [-76.37793799999803, 36.87046099973888], [-76.37789799981505, 36.87014899997541], [-76.377866000028, 36.869949999819994], [-76.37785000013447, 36.86984800007389], [-76.37784299956347, 36.869803000184895], [-76.37774899985213, 36.86912699973216], [-76.37770700001934, 36.86883800033821], [-76.37770799984426, 36.86874899972277], [-76.37772899976065, 36.86863500027684], [-76.37774300000434, 36.86858999967329], [-76.37766299963842, 36.86802700011936], [-76.37758999984347, 36.867557000107276], [-76.37735800003989, 36.86599500028702], [-76.37734700016922, 36.86592000002869], [-76.37733600029857, 36.865846000113685], [-76.37721800029782, 36.8650060002887], [-76.37713999958169, 36.86446600014493], [-76.37702499995397, 36.86368299976992], [-76.3770140000833, 36.863603999769246], [-76.37670500028682, 36.86150400033364], [-76.3766890003933, 36.86137800018537], [-76.37667400032468, 36.861188999932786], [-76.37667099995163, 36.860951999856795], [-76.37668699984515, 36.86071499976448], [-76.37672100018034, 36.86048599995967], [-76.37677899990666, 36.86024800008813], [-76.37681300024187, 36.86014000025228], [-76.37689400043271, 36.85992799994422], [-76.37750799982771, 36.85863299986275], [-76.37792600030245, 36.85775900001062], [-76.37831100026693, 36.85695100023996], [-76.37855200029135, 36.85641899996881], [-76.37864799965251, 36.85615599971673], [-76.37869000038361, 36.856004000284415], [-76.37873600041436, 36.855783000097645], [-76.37875700033076, 36.85565199998447], [-76.37878400009494, 36.85539300002732], [-76.3788019996383, 36.85518200004623], [-76.37882199972978, 36.85496499972045], [-76.37884799966905, 36.85468900008547], [-76.37889500042303, 36.85418300032275], [-76.37899699963197, 36.85309700005194], [-76.37910499958699, 36.852029000146956], [-76.3791249996785, 36.85194299972088], [-76.37913999974708, 36.8518329998874], [-76.37758200034588, 36.850714999749194], [-76.37750899965263, 36.850661000303354], [-76.3771620002213, 36.85043600016491], [-76.3770700001598, 36.850374999780044], [-76.3763389996906, 36.849855000073724], [-76.37590799969539, 36.849541999647016], [-76.37536299989736, 36.849151000166174], [-76.37448400018847, 36.84851300035617], [-76.37412000014041, 36.84826399993464], [-76.37405300019326, 36.84822000020308], [-76.37387599974292, 36.84810800018406], [-76.37355900044885, 36.8479239998479], [-76.3734869995805, 36.84788299972047], [-76.37272099984952, 36.84740799976238], [-76.37216099998288, 36.847066000294376], [-76.3717409998583, 36.84681800013947], [-76.37065200008713, 36.84618000027069], [-76.37014099972598, 36.84589999999276], [-76.36922799968191, 36.84546100011942], [-76.36893099958098, 36.84532800035626], [-76.36867500038626, 36.84521699966334], [-76.36819599981216, 36.845020999911576], [-76.36646199978551, 36.84437400033336], [-76.36539599958057, 36.843988000224385], [-76.36528900034875, 36.84394900011246], [-76.36450900037408, 36.84364899980295], [-76.36358299991123, 36.84331100002838], [-76.36231699968975, 36.842839999701425], [-76.36226599963612, 36.84290800033533], [-76.36138899957706, 36.84407800018563], [-76.35702799957122, 36.84839199998989], [-76.35626500021328, 36.84914799969726], [-76.35213000016324, 36.85311499977706], [-76.35136500025719, 36.85384799995942], [-76.35112400023276, 36.85394899964637], [-76.35009599966266, 36.854381999851995], [-76.34723299968189, 36.85554800017372], [-76.34689000044854, 36.85568799966483], [-76.3458689995511, 36.856033000294005], [-76.34575999977116, 36.85607000033988], [-76.34560099976251, 36.856120000256794], [-76.34548600013478, 36.85615599971673], [-76.34535600043844, 36.85619599989544], [-76.34286400017845, 36.85704800016723], [-76.34056400043738, 36.857847999770854], [-76.33920199995642, 36.859317999933886], [-76.33295999961085, 36.86605500000953], [-76.33078399971835, 36.868403000059544], [-76.33678400021458, 36.87502699996704], [-76.33673099961283, 36.875147000268605], [-76.33514800009723, 36.87871900020855], [-76.33359800019363, 36.88221599971888], [-76.3322240000171, 36.88531499983097], [-76.33160600042413, 36.886729999647066], [-76.33100800002433, 36.88809899981067], [-76.3286739999481, 36.892825999839275], [-76.3284799997793, 36.89321900010598], [-76.33308799965737, 36.89636299979834], [-76.34076899957847, 36.901603000022256], [-76.34227300034965, 36.90555499974141], [-76.34466299960408, 36.91931300030766], [-76.34556899997546, 36.92453099976743], [-76.34244900007674, 36.92470700009671], [-76.34182499973768, 36.92477200002177], [-76.33851900006611, 36.94078699977545], [-76.34182499973768, 36.94078699977545], [-76.34402900011757, 36.94267100022071], [-76.34843899962891, 36.94267100022071], [-76.36056500011976, 36.94267100022071], [-76.3704870002307, 36.944553999927145], [-76.37466599976335, 36.9464810003386], [-76.37954099960508, 36.94872799982124], [-76.38441600034515, 36.95097499978851], [-76.38441899981987, 36.951058999910934], [-76.38477500037035, 36.950712000053834], [-76.38586699961624, 36.949647000175226], [-76.39956700030017, 36.93094700014482], [-76.40356699973266, 36.90084799991439], [-76.40366299999212, 36.900753000208994], [-76.40761599956896, 36.89679900032107], [-76.40776799990493, 36.89664799986834]]]}, "properties": {"GEOID": "51740213001", "NAME": "2130.01", "n_parcels": 2666, "cwi": 57.4, "econ": 57.6, "edu": 81.6, "env": 12.0, "infra": 59.8, "health": 15.6, "housing": 92.4, "safety": 73.9, "ind_NUMPOINTS_cime_data": 73.9, "ind_RISK_SCORE_flood": 11.3, "ind_HubDist_bus_stop": 59.8, "ind_HubDist_hospital": 15.6, "ind_NatWalkInd_walking_index": 12.6, "ind_pct_own_occ_hous_unit": 92.4, "ind_pct_unemp_rate_16yover": 57.6, "ind_pct_no_high_schl_dip": 99.9, "ind_pct_in_college": 63.3}}, {"type": "Feature", "geometry": {"type": "Polygon", "coordinates": [[[-76.31848700042158, 36.83727999976615], [-76.31845800010927, 36.837123999894224], [-76.31739399955414, 36.83684599968396], [-76.31647100036265, 36.836672999728414], [-76.31567200012141, 36.836590000246716], [-76.31542000022633, 36.83655500028232], [-76.3145020001594, 36.83656599973876], [-76.3141020001263, 36.83657599983149], [-76.31289799982909, 36.83660900034388], [-76.31145300040578, 36.83664699980516], [-76.31070199984511, 36.83666699996814], [-76.31006599981046, 36.83667700004766], [-76.30936299982868, 36.836687000125885], [-76.30846700040136, 36.8367150001941], [-76.30848099974675, 36.83684899991661], [-76.3084770004471, 36.837220999815145], [-76.30832699976098, 36.83771999993967], [-76.30834500020264, 36.83846999985837], [-76.30835699989818, 36.838961000062504], [-76.30836899959377, 36.83946699992228], [-76.3083850003856, 36.839774999698214], [-76.30838399966237, 36.83985399988437], [-76.30838200001254, 36.8402799998912], [-76.3083929998832, 36.84058499990159], [-76.30841999964737, 36.841393000116746], [-76.30803899988088, 36.841376999825165], [-76.30756299967982, 36.8413859999896], [-76.3072310003171, 36.84135700017498], [-76.30671599975798, 36.84125599966875], [-76.30600399955537, 36.8410999999985], [-76.30584999956959, 36.84102899984504], [-76.30569700030702, 36.841396000171045], [-76.30571400002546, 36.84231399975372], [-76.30458900026927, 36.84296200022476], [-76.30366000033169, 36.843005000109464], [-76.30329700010853, 36.84302000006353], [-76.30305199988614, 36.8430300000313], [-76.3031260004043, 36.84344799967042], [-76.30282400028052, 36.84352099971527], [-76.30253200020248, 36.84357799985943], [-76.30263799960936, 36.84381799984887], [-76.30270999957938, 36.84392699972717], [-76.3028309999532, 36.84410699968728], [-76.30276300018114, 36.84424700000231], [-76.30299800035779, 36.844596999668475], [-76.29796000030943, 36.846411999662614], [-76.29802800008147, 36.84649899979221], [-76.3003870002721, 36.849523999799445], [-76.30126299960793, 36.85064700030767], [-76.30666300005454, 36.85404699964205], [-76.31268500029208, 36.85076199988815], [-76.31392300002616, 36.8494479999967], [-76.31415800020281, 36.84927000021984], [-76.31457599977922, 36.8489040002246], [-76.31525500036989, 36.847947999666836], [-76.31549800004413, 36.84749800001132], [-76.31606600030669, 36.84654700031716], [-76.31608399985005, 36.846376999880015], [-76.31607499962922, 36.84626000026446], [-76.31602299975069, 36.84616600017332], [-76.31596699967417, 36.846070000052734], [-76.31594400010796, 36.84603100028379], [-76.31591999981853, 36.84595100005041], [-76.3158970002523, 36.84583399978304], [-76.31590599957481, 36.845683999878766], [-76.31591599962057, 36.84560400000123], [-76.31600500020734, 36.84536499983252], [-76.31610300011661, 36.84517700020963], [-76.31622000029249, 36.84501300014575], [-76.31630899998093, 36.844910000210724], [-76.31636099985948, 36.84483100021543], [-76.31648899990599, 36.84434500021411], [-76.31652300024119, 36.84421399991004], [-76.31663100019622, 36.843974999710035], [-76.31665299993753, 36.84392699972717], [-76.31720799978132, 36.84270399969001], [-76.31747800011804, 36.84269899968497], [-76.31776299962509, 36.8426929996785], [-76.31804600038062, 36.8426929996785], [-76.31808499984037, 36.84232299980788], [-76.31807499979463, 36.84193200007416], [-76.3181640003814, 36.84119399984716], [-76.3182260003057, 36.84041399983818], [-76.31828700040505, 36.83964899967838], [-76.3183479996061, 36.83888499982567], [-76.31841499955326, 36.83811000029761], [-76.31848700042158, 36.83727999976615]]]}, "properties": {"GEOID": "51740213200", "NAME": "2132", "n_parcels": 616, "cwi": 46.2, "econ": 17.4, "edu": 47.7, "env": 87.6, "infra": 86.2, "health": 68.7, "housing": 11.8, "safety": 28.4, "ind_NUMPOINTS_cime_data": 28.4, "ind_RISK_SCORE_flood": 84.9, "ind_HubDist_bus_stop": 86.2, "ind_HubDist_hospital": 68.7, "ind_NatWalkInd_walking_index": 90.3, "ind_pct_own_occ_hous_unit": 11.8, "ind_pct_unemp_rate_16yover": 17.4, "ind_pct_no_high_schl_dip": 11.9, "ind_pct_in_college": 83.5}}, {"type": "Feature", "geometry": {"type": "Polygon", "coordinates": [[[-76.35960900041798, 36.8122019998073], [-76.3595890003265, 36.81209000026741], [-76.35946799995268, 36.81168000010435], [-76.35936900021848, 36.81144099966285], [-76.35921900043064, 36.81114799990001], [-76.35915199958518, 36.81103900006292], [-76.35900699982022, 36.810823999737885], [-76.35883399956786, 36.81059399969187], [-76.35820400027933, 36.809776999701796], [-76.35805799979116, 36.809577000186714], [-76.35803799969966, 36.80954999997119], [-76.35709399969345, 36.808323000187755], [-76.35683599995059, 36.80798199975912], [-76.3567720003765, 36.807896000151565], [-76.35648199994827, 36.80751800019579], [-76.35640999997824, 36.807410999711536], [-76.35633999965803, 36.80730699974953], [-76.35574800000435, 36.806522999750094], [-76.35522499994762, 36.80583899979543], [-76.35493100021974, 36.80543400024525], [-76.35456100032387, 36.804907000113346], [-76.35419100042803, 36.8043520002775], [-76.35373100012049, 36.80361700015541], [-76.353274000186, 36.802839000033394], [-76.35275699997706, 36.801917000109704], [-76.3526759997862, 36.80176599987338], [-76.35223499974524, 36.80095500031764], [-76.35215600010253, 36.800818000109736], [-76.35212000011751, 36.800755000057855], [-76.3520830003076, 36.800678000163906], [-76.35190400020744, 36.800747999809175], [-76.35105700028562, 36.80108199986621], [-76.3508039996673, 36.80119299985987], [-76.35043399977145, 36.80136899965614], [-76.34997699983695, 36.80159900007989], [-76.34948499974239, 36.801881000294735], [-76.34922000032682, 36.80204500003399], [-76.3488739998221, 36.80227700020568], [-76.34868899987417, 36.80240699986438], [-76.34825100020625, 36.8027369999435], [-76.34678599979313, 36.80386299981031], [-76.34548500030986, 36.80485600002411], [-76.34526299965371, 36.804997999793294], [-76.34498999984223, 36.80515399971233], [-76.34469600011435, 36.805306000231425], [-76.3444600001128, 36.80541099980341], [-76.3441200003542, 36.80553700010668], [-76.34383599977373, 36.80563000000915], [-76.34357300000802, 36.805698999678164], [-76.3433539997249, 36.80574799967641], [-76.34309000013424, 36.80579599987912], [-76.34263499984958, 36.80587199989882], [-76.34229000006808, 36.80590599975071], [-76.34159600030713, 36.80595900010322], [-76.34119000042627, 36.80600799993509], [-76.34105099961079, 36.80601399994172], [-76.34065499977565, 36.80603199995873], [-76.33968999985305, 36.80607699998276], [-76.33953699969217, 36.80608399974438], [-76.33868899994542, 36.806124999979275], [-76.33759000012851, 36.806176999701755], [-76.3354769999852, 36.80627700000938], [-76.33514999974706, 36.80628599998751], [-76.3347360003686, 36.8063060001749], [-76.33234500039092, 36.806427000225966], [-76.3302520003391, 36.80652799996173], [-76.32941799993775, 36.80656500022325], [-76.32908599967672, 36.806586000091606], [-76.32911199961599, 36.80713900006578], [-76.3291269996846, 36.80739999965995], [-76.32916400039285, 36.80822700004352], [-76.32916900041572, 36.80835899985119], [-76.32916299966962, 36.808504999950976], [-76.3291250000348, 36.80873799969614], [-76.32907599963099, 36.80896199978898], [-76.3290489998668, 36.809057000009254], [-76.32900100018622, 36.809231000273684], [-76.32895199978242, 36.809362000071324], [-76.32888099963732, 36.80949400007987], [-76.32881899971305, 36.809582999913665], [-76.32867300012316, 36.809755999989434], [-76.32861299984872, 36.809818999828515], [-76.32817299963267, 36.810263999669694], [-76.32783200004911, 36.81059099986804], [-76.32773300031492, 36.81071300003959], [-76.32768100043639, 36.81079900007904], [-76.3276400004285, 36.810889000251066], [-76.32761100011616, 36.810986000349935], [-76.32760000024554, 36.81104499967526], [-76.32759299967452, 36.8111570000248], [-76.32760299972026, 36.81126900021042], [-76.32763200003258, 36.811379999821824], [-76.3277030001777, 36.81155100005502], [-76.32778699984328, 36.81174799966937], [-76.32810200038585, 36.812514000178794], [-76.32823700010508, 36.81280400001084], [-76.32839199991577, 36.81308300022848], [-76.32850800026672, 36.81326399979749], [-76.32856799964286, 36.81334900018248], [-76.32881799988813, 36.81367099968505], [-76.33022600039983, 36.81304400018183], [-76.33127199961498, 36.81258199972222], [-76.3315829999596, 36.81245699990159], [-76.33197899979473, 36.8123130002235], [-76.33284800035617, 36.81208100025232], [-76.33326299955957, 36.81196699972987], [-76.33393100027955, 36.811804000069564], [-76.33440900013044, 36.81168200019818], [-76.33554499975727, 36.811386000126696], [-76.33632700028008, 36.81118700019334], [-76.33701799966799, 36.811022999895584], [-76.33721400038488, 36.81098700004636], [-76.33741299967821, 36.810965999946674], [-76.33765299987772, 36.810960000328095], [-76.33781400043452, 36.81096800005915], [-76.3383559998595, 36.811031000339284], [-76.33851800024121, 36.81104499967526], [-76.33888099956606, 36.811062999947985], [-76.33910300022222, 36.811062999947985], [-76.33933599985072, 36.8110620002526], [-76.34007700036565, 36.81104899989609], [-76.34040399970549, 36.81104399997964], [-76.34059100020156, 36.81104199986915], [-76.3412280000611, 36.811022999895584], [-76.34360999981793, 36.810939000221], [-76.34386799956079, 36.810927999957116], [-76.34465000008359, 36.81088200020949], [-76.34474100032021, 36.8108770002822], [-76.34513700015532, 36.810846999992165], [-76.34537700035484, 36.81082099992312], [-76.34545099997467, 36.811152000115406], [-76.34548600013478, 36.81154999964679], [-76.34550700005119, 36.811872000243596], [-76.34553899983824, 36.812333999953694], [-76.34555899992971, 36.812631000349896], [-76.34561900020417, 36.813202000303214], [-76.34566299968678, 36.81346599979656], [-76.34570500041788, 36.81366500027846], [-76.34575399992339, 36.813811999987834], [-76.34582000004563, 36.813955000065334], [-76.3459029998863, 36.814093000158394], [-76.34611999962128, 36.814380000086864], [-76.34598300025225, 36.81444000004366], [-76.34581699967258, 36.81449700028267], [-76.34564500014345, 36.81454199964653], [-76.34546799969311, 36.81457300029567], [-76.34528899959298, 36.81459000008949], [-76.34517999981303, 36.81459299975657], [-76.34435499963251, 36.8146419998162], [-76.34408099999612, 36.81466199997834], [-76.34409799971455, 36.8148459997861], [-76.34413000039993, 36.81543099973066], [-76.34483099983358, 36.81537600018441], [-76.34512799993449, 36.815352999852536], [-76.34557300017342, 36.81533299987096], [-76.34572999963393, 36.81532899987403], [-76.34584599998489, 36.815324999876914], [-76.3462540004139, 36.81532200023845], [-76.34666199994457, 36.81533299987096], [-76.34719500004705, 36.81536200020208], [-76.34761500017161, 36.81539400015796], [-76.3478469999752, 36.815410999769455], [-76.3498100003307, 36.81557199966823], [-76.35075099996385, 36.815665000326476], [-76.35165099958913, 36.81574899984953], [-76.35237899968527, 36.81581999973414], [-76.35308800041317, 36.81544200006667], [-76.35398300001556, 36.814985000074614], [-76.3552600001077, 36.81437199999315], [-76.3554209997662, 36.81429300010193], [-76.35579400003509, 36.81410800002844], [-76.3568009997905, 36.81359300017106], [-76.35773200027621, 36.81313100014792], [-76.35852099957343, 36.812740000077945], [-76.35935999999764, 36.8123270000443], [-76.35960900041798, 36.8122019998073]]]}, "properties": {"GEOID": "51740212600", "NAME": "2126", "n_parcels": 1116, "cwi": 50.8, "econ": 31.2, "edu": 63.1, "env": 73.7, "infra": 66.8, "health": 68.1, "housing": 28.7, "safety": 35.8, "ind_NUMPOINTS_cime_data": 35.8, "ind_RISK_SCORE_flood": 97.1, "ind_HubDist_bus_stop": 66.8, "ind_HubDist_hospital": 68.1, "ind_NatWalkInd_walking_index": 50.3, "ind_pct_own_occ_hous_unit": 28.7, "ind_pct_unemp_rate_16yover": 31.2, "ind_pct_no_high_schl_dip": 81.5, "ind_pct_in_college": 44.6}}, {"type": "Feature", "geometry": {"type": "Polygon", "coordinates": [[[-76.38631199985517, 36.79889000025853], [-76.38699800011851, 36.798546999826115], [-76.38506499990025, 36.796248000064224], [-76.38500899982377, 36.79617199984505], [-76.38482600042396, 36.79593100012788], [-76.38476299977646, 36.79584800033632], [-76.38462800005726, 36.79569499985215], [-76.3798579997975, 36.79037899982686], [-76.37962699981881, 36.79012099968313], [-76.37917800028023, 36.78962000001757], [-76.37887100013359, 36.78927799978168], [-76.37871100030002, 36.78909900031383], [-76.37797399998304, 36.788382999699564], [-76.37763800042237, 36.78807300027994], [-76.37644599982073, 36.78684800030533], [-76.37642699955416, 36.78682900008458], [-76.37575700008266, 36.786141999727846], [-76.37567900026484, 36.786062000187606], [-76.37287099963734, 36.78647100007973], [-76.37245200023601, 36.78653300035309], [-76.36712899978228, 36.78732599999323], [-76.36388199966197, 36.78779800030194], [-76.36383900000426, 36.78780400029633], [-76.36378799995065, 36.788278999797335], [-76.36376600020934, 36.78838499968244], [-76.3637350002472, 36.788472000326976], [-76.36370900030792, 36.78857300000031], [-76.3636930004144, 36.78869100004836], [-76.36359600033002, 36.790130000120996], [-76.36353600005556, 36.79103800009814], [-76.363412000207, 36.792897000129834], [-76.3632719995666, 36.79500899976859], [-76.3631379996723, 36.797050000203846], [-76.36308599979377, 36.797825999693224], [-76.36302899989235, 36.79871200008744], [-76.36299799993022, 36.79916999995721], [-76.3629540004476, 36.799776999696554], [-76.36212900026707, 36.79976000021019], [-76.36192900025054, 36.79975200002746], [-76.36084399977902, 36.79972400010063], [-76.36037500014895, 36.799710999976966], [-76.35992400006225, 36.799692000068944], [-76.35900699982022, 36.799668000216265], [-76.3581320003093, 36.79964500020048], [-76.35780699972098, 36.799635000316584], [-76.35752999971155, 36.799635000316584], [-76.35686299971476, 36.799661999712406], [-76.35654899989542, 36.799683999879115], [-76.35585000011159, 36.79976100005314], [-76.35500300018975, 36.799883000217065], [-76.35464499998947, 36.79994799994798], [-76.35429000016225, 36.800023000177525], [-76.35379800006764, 36.80013800033894], [-76.35327500001091, 36.80027799983329], [-76.35282399992421, 36.800411000230824], [-76.35246999992188, 36.80053099969354], [-76.3520830003076, 36.800678000163906], [-76.35212000011751, 36.800755000057855], [-76.35215600010253, 36.800818000109736], [-76.35223499974524, 36.80095500031764], [-76.3526759997862, 36.80176599987338], [-76.35275699997706, 36.801917000109704], [-76.353274000186, 36.802839000033394], [-76.35373100012049, 36.80361700015541], [-76.35419100042803, 36.8043520002775], [-76.35456100032387, 36.804907000113346], [-76.35493100021974, 36.80543400024525], [-76.35522499994762, 36.80583899979543], [-76.35574800000435, 36.806522999750094], [-76.35633999965803, 36.80730699974953], [-76.35640999997824, 36.807410999711536], [-76.35648199994827, 36.80751800019579], [-76.3567720003765, 36.807896000151565], [-76.35683599995059, 36.80798199975912], [-76.35709399969345, 36.808323000187755], [-76.35803799969966, 36.80954999997119], [-76.35805799979116, 36.809577000186714], [-76.35820400027933, 36.809776999701796], [-76.35883399956786, 36.81059399969187], [-76.35900699982022, 36.810823999737885], [-76.35915199958518, 36.81103900006292], [-76.35921900043064, 36.81114799990001], [-76.35936900021848, 36.81144099966285], [-76.35946799995268, 36.81168000010435], [-76.3595890003265, 36.81209000026741], [-76.35960900041798, 36.8122019998073], [-76.36087700028929, 36.81156200022938], [-76.36131300030739, 36.81134299972953], [-76.36154299956286, 36.81122900026572], [-76.36207999986328, 36.81096199972151], [-76.36268199956272, 36.81066900028313], [-76.36332000014549, 36.81035800000831], [-76.36435200001526, 36.80984500023784], [-76.36506199966973, 36.809484999759654], [-76.36699300023817, 36.808515000115115], [-76.37197600003495, 36.806038999724464], [-76.37316500026353, 36.80544100006564], [-76.37528699972937, 36.80438600008501], [-76.37708000020554, 36.803489999775735], [-76.37806000019675, 36.80300600000003], [-76.37854300007052, 36.80276999994517], [-76.37975400004044, 36.80216799996763], [-76.38124299984467, 36.80141999990979], [-76.3816189995883, 36.80123499965996], [-76.38217000013243, 36.800959000346246], [-76.3845329996227, 36.79978300019139], [-76.38631199985517, 36.79889000025853]]]}, "properties": {"GEOID": "51740212701", "NAME": "2127.01", "n_parcels": 1966, "cwi": 57.8, "econ": 39.9, "edu": 65.1, "env": 46.7, "infra": 52.8, "health": 57.2, "housing": 68.4, "safety": 71.4, "ind_NUMPOINTS_cime_data": 71.4, "ind_RISK_SCORE_flood": 45.4, "ind_HubDist_bus_stop": 52.8, "ind_HubDist_hospital": 57.2, "ind_NatWalkInd_walking_index": 48.1, "ind_pct_own_occ_hous_unit": 68.4, "ind_pct_unemp_rate_16yover": 39.9, "ind_pct_no_high_schl_dip": 42.4, "ind_pct_in_college": 87.8}}, {"type": "Feature", "geometry": {"type": "Polygon", "coordinates": [[[-76.36383900000426, 36.78780400029633], [-76.36379899982128, 36.78781000029022], [-76.34212500021165, 36.79102300002509], [-76.34206499993718, 36.79103200035705], [-76.34206099973922, 36.79112599984402], [-76.34208400020376, 36.79118000030834], [-76.34209699972423, 36.79119600030541], [-76.34236600023607, 36.791393999722644], [-76.34259899986458, 36.79158800026854], [-76.34281700032278, 36.791786000111486], [-76.34452299986201, 36.793280999882704], [-76.34499599969, 36.79369499969673], [-76.34517200031542, 36.793835000177175], [-76.34537200033196, 36.79397399976388], [-76.34559099971676, 36.794108000234196], [-76.34582000004563, 36.794230999965656], [-76.34598499990206, 36.794331999960136], [-76.34664900042411, 36.79476000000441], [-76.34679099981601, 36.79485399995274], [-76.34752999978282, 36.79533000024631], [-76.34799900031118, 36.79563800000269], [-76.34840900039002, 36.795896000270105], [-76.34904100022666, 36.796307999843286], [-76.34910800017381, 36.79635700009552], [-76.34912200041754, 36.79636699968806], [-76.34929099957361, 36.79650599971579], [-76.34942899966586, 36.79664299972397], [-76.34957900035202, 36.796818999905234], [-76.34971999991902, 36.79696499970787], [-76.34987399990479, 36.79710200033381], [-76.349972999639, 36.797180999979524], [-76.3500439997841, 36.797250000067784], [-76.35014900026441, 36.797372999789545], [-76.35023899977777, 36.797503999732164], [-76.35048400000018, 36.797950999661865], [-76.35048499982507, 36.79799000020302], [-76.35046899993156, 36.7980270002739], [-76.3503950003117, 36.798098000048725], [-76.35012400015006, 36.79829399988599], [-76.35051199958926, 36.79864500031192], [-76.35079000032192, 36.79891900034424], [-76.35093400026196, 36.79906999971994], [-76.35116799971539, 36.79933299989872], [-76.35139399967119, 36.79961099972673], [-76.35162399982497, 36.79992300033465], [-76.35180700012306, 36.800197000110835], [-76.35194400039042, 36.80041399973411], [-76.3520830003076, 36.800678000163906], [-76.35246999992188, 36.80053099969354], [-76.35282399992421, 36.800411000230824], [-76.35327500001091, 36.80027799983329], [-76.35379800006764, 36.80013800033894], [-76.35429000016225, 36.800023000177525], [-76.35464499998947, 36.79994799994798], [-76.35500300018975, 36.799883000217065], [-76.35585000011159, 36.79976100005314], [-76.35654899989542, 36.799683999879115], [-76.35686299971476, 36.799661999712406], [-76.35752999971155, 36.799635000316584], [-76.35780699972098, 36.799635000316584], [-76.3581320003093, 36.79964500020048], [-76.35900699982022, 36.799668000216265], [-76.35992400006225, 36.799692000068944], [-76.36037500014895, 36.799710999976966], [-76.36084399977902, 36.79972400010063], [-76.36192900025054, 36.79975200002746], [-76.36212900026707, 36.79976000021019], [-76.3629540004476, 36.799776999696554], [-76.36299799993022, 36.79916999995721], [-76.36302899989235, 36.79871200008744], [-76.36308599979377, 36.797825999693224], [-76.3631379996723, 36.797050000203846], [-76.3632719995666, 36.79500899976859], [-76.363412000207, 36.792897000129834], [-76.36353600005556, 36.79103800009814], [-76.36359600033002, 36.790130000120996], [-76.3636930004144, 36.78869100004836], [-76.36370900030792, 36.78857300000031], [-76.3637350002472, 36.788472000326976], [-76.36376600020934, 36.78838499968244], [-76.36378799995065, 36.788278999797335], [-76.36383900000426, 36.78780400029633]]]}, "properties": {"GEOID": "51740212702", "NAME": "2127.02", "n_parcels": 1437, "cwi": 63.0, "econ": 84.3, "edu": 53.0, "env": 55.8, "infra": 53.2, "health": 70.0, "housing": 47.6, "safety": 71.3, "ind_NUMPOINTS_cime_data": 71.3, "ind_RISK_SCORE_flood": 73.7, "ind_HubDist_bus_stop": 53.2, "ind_HubDist_hospital": 70.0, "ind_NatWalkInd_walking_index": 38.0, "ind_pct_own_occ_hous_unit": 47.6, "ind_pct_unemp_rate_16yover": 84.3, "ind_pct_no_high_schl_dip": 50.9, "ind_pct_in_college": 55.0}}, {"type": "Feature", "geometry": {"type": "Polygon", "coordinates": [[[-76.41106699990378, 36.8761480002833], [-76.41044199973982, 36.87602100028732], [-76.40989500029194, 36.87590500034412], [-76.40935700016661, 36.875781000086086], [-76.40855000042774, 36.875595999970194], [-76.40680600035536, 36.87522500025576], [-76.4026960004197, 36.87438399976831], [-76.40079800036155, 36.87399599967402], [-76.40030299989391, 36.87387500012677], [-76.3996760000801, 36.8747379998981], [-76.39859599963144, 36.87625500020651], [-76.39827199976635, 36.876702000030896], [-76.39820200034445, 36.876797999762886], [-76.39814600026797, 36.87687000002158], [-76.39799300010709, 36.877033999998204], [-76.3978249998776, 36.87718900008177], [-76.39768000011264, 36.87730599977894], [-76.39748599994388, 36.8774439998362], [-76.3972750000567, 36.877573000148516], [-76.39715200003306, 36.87763100031266], [-76.39701999978855, 36.87767500035821], [-76.39696299988717, 36.877688999714096], [-76.39684099968842, 36.877744999986454], [-76.39660899988482, 36.87784899976737], [-76.39482399980457, 36.87863999994744], [-76.39471400019971, 36.878694999992305], [-76.39453199972652, 36.87880099969279], [-76.39445200025888, 36.87886400015683], [-76.39435699982435, 36.878934999659435], [-76.39382500044509, 36.87928399976672], [-76.39369999987332, 36.87937200008346], [-76.39362600025346, 36.879423000081836], [-76.3932830001218, 36.87964299992384], [-76.3929319995942, 36.8798779997573], [-76.39216800041135, 36.880380000201974], [-76.39137900021585, 36.880901000088045], [-76.391298000025, 36.880957999661256], [-76.39110999970401, 36.88110299966964], [-76.39100400029712, 36.88119500019127], [-76.3909399998247, 36.88127200025366], [-76.39088600029635, 36.881336999826], [-76.39079099986179, 36.88147300007867], [-76.39068000043201, 36.88167500030279], [-76.39063199985313, 36.88182499998836], [-76.3905950000432, 36.8819760003035], [-76.39057900014969, 36.882184999899685], [-76.39058400017255, 36.882447999658226], [-76.39057400012682, 36.88279899990823], [-76.39054499981451, 36.88309999978951], [-76.39052800009605, 36.88341100035409], [-76.39052800009605, 36.88378100035768], [-76.39051999970013, 36.883988999863774], [-76.39052800009605, 36.8842549996846], [-76.39051899987523, 36.88494699969083], [-76.3905180000503, 36.885983000208064], [-76.39051899987523, 36.886349000087556], [-76.39051300002744, 36.88691500009394], [-76.39052300007319, 36.88749200024717], [-76.39051100037763, 36.887882000287775], [-76.39051399985235, 36.888017000252184], [-76.39050999965438, 36.888585999745864], [-76.39051399985235, 36.88872400025435], [-76.39052600044624, 36.888835999661055], [-76.39055300021042, 36.888947000226004], [-76.39062400035553, 36.88917099965768], [-76.3908400002656, 36.88987199985475], [-76.39084500028846, 36.8898890001547], [-76.39091200023562, 36.890044000010114], [-76.39096699958888, 36.89011599999355], [-76.39103000023638, 36.89016700000055], [-76.3911640001307, 36.890241000062865], [-76.39173800024105, 36.89049399986991], [-76.39229200025991, 36.89073800017595], [-76.39324299993882, 36.89115799985369], [-76.39342700006183, 36.89123900026466], [-76.39373300038358, 36.89137400004029], [-76.39440899970288, 36.89167199964697], [-76.39451300035826, 36.89171799966102], [-76.39460899971942, 36.89177300034427], [-76.39466800016895, 36.89181999965578], [-76.39469400010823, 36.891839999751454], [-76.39475199983454, 36.89191100012065], [-76.39479399966734, 36.8919890002275], [-76.39482299997968, 36.89208400006581], [-76.39489199957664, 36.89255199988757], [-76.3950439999126, 36.89369699995711], [-76.39514299964681, 36.894350000337035], [-76.39530500002851, 36.895441999918226], [-76.39536600012788, 36.89575499982781], [-76.39544200029586, 36.896385000174426], [-76.39768000011264, 36.89659799989524], [-76.39788599997698, 36.896697999808694], [-76.39816700018437, 36.89684100007512], [-76.39853600025532, 36.89692900027166], [-76.39879900002104, 36.89687299970118], [-76.39917999978755, 36.89677900008796], [-76.39946699984273, 36.89674100034904], [-76.39983000006588, 36.89677900008796], [-76.40064900039863, 36.89687899976425], [-76.40113599957203, 36.896904000022076], [-76.40121699976288, 36.89687299970118], [-76.40150499964298, 36.89691000008271], [-76.40152399990954, 36.89695399979471], [-76.40223600011215, 36.897079000160566], [-76.40238000005222, 36.89706600005737], [-76.40244199997647, 36.89704099985261], [-76.40380500028236, 36.89731000018876], [-76.40417600000312, 36.89741899991884], [-76.4042670002397, 36.89741899991884], [-76.40448399997469, 36.89739199982226], [-76.40460100015055, 36.89730100014475], [-76.40465499967891, 36.89726499995822], [-76.40490900012212, 36.897116999731196], [-76.4050349996205, 36.89702999975994], [-76.40516199984211, 36.89693100029132], [-76.40533300044466, 36.89686799964823], [-76.40552300041546, 36.89682199986425], [-76.4062370002679, 36.89678600017013], [-76.40663499975284, 36.896777000064326], [-76.40714100009114, 36.896777000064326], [-76.4073579998261, 36.89674999974067], [-76.40764300023145, 36.89663899974627], [-76.40776799990493, 36.89664799986834], [-76.407731000095, 36.89661900018964], [-76.40765599975194, 36.8965600000662], [-76.40733000023701, 36.89608500024738], [-76.40684200034038, 36.89566000024799], [-76.40631699973551, 36.89538499966344], [-76.40583999970954, 36.89510700014225], [-76.40520500039813, 36.894885000241885], [-76.40479199994626, 36.894710000101576], [-76.40439199991319, 36.89452299978324], [-76.40405499962928, 36.894259999950954], [-76.40394199965138, 36.89396000029246], [-76.40398799968213, 36.89362499975916], [-76.40415500008672, 36.89331000033986], [-76.40440500033198, 36.892960000338554], [-76.40458000023415, 36.89274799986927], [-76.4046670002728, 36.89261000016918], [-76.40475500013635, 36.89233500009062], [-76.40479199994626, 36.89210999981188], [-76.40474199971754, 36.891934999775145], [-76.4046670002728, 36.891784999834925], [-76.40460500034851, 36.89166000013855], [-76.40456699981536, 36.89153500023744], [-76.40455599994472, 36.89149100027531], [-76.40451699958665, 36.891334999682584], [-76.4046670002728, 36.891147999717134], [-76.40524300003297, 36.89116799998888], [-76.40568599972376, 36.891267999832166], [-76.4059569998854, 36.891421000315866], [-76.40628300029866, 36.891439000352634], [-76.40661700020948, 36.891421000315866], [-76.40693299967867, 36.89128599990495], [-76.40730400029776, 36.890941999774306], [-76.40747599982689, 36.89054400024938], [-76.40745800028353, 36.89036399973584], [-76.40734899960528, 36.89017399997066], [-76.40708699966446, 36.88993900021195], [-76.40668900017951, 36.88988399964423], [-76.40635500026866, 36.88964899971127], [-76.40620100028289, 36.88935999965483], [-76.40597500032706, 36.88891699966204], [-76.40575699986887, 36.88819300005486], [-76.4056320001954, 36.88779599997841], [-76.4056320001954, 36.88759699981851], [-76.40564100041624, 36.88747100031553], [-76.40569300029478, 36.88710600020535], [-76.40570900018828, 36.88700099995873], [-76.40577600013543, 36.886512999825484], [-76.40578500035627, 36.88610600027498], [-76.40575799969379, 36.885834999660474], [-76.40564100041624, 36.88563600013713], [-76.40547800020961, 36.885600000196874], [-76.40530599978216, 36.88559100020915], [-76.40507999982636, 36.88559100020915], [-76.40490800029721, 36.88559100020915], [-76.40461000037139, 36.88543700009512], [-76.40441100017975, 36.885319999922196], [-76.40421199998814, 36.88513899986026], [-76.4041400000181, 36.885038999892124], [-76.40414900023893, 36.884785999969885], [-76.40433900020973, 36.8845959999741], [-76.40454699972388, 36.884577999760914], [-76.40466399989974, 36.88458699986804], [-76.40480000034218, 36.88456899965272], [-76.40491800034295, 36.88447899994945], [-76.40499899963548, 36.88425300005135], [-76.405026000298, 36.88401800002971], [-76.40517100006295, 36.88365599977052], [-76.40523399981213, 36.8831860003588], [-76.40519799982712, 36.8827970002369], [-76.40519799982712, 36.88275200007274], [-76.40514099992572, 36.88239399964233], [-76.40491800034295, 36.88232699984904], [-76.40490800029721, 36.88217399982174], [-76.40488999985554, 36.88181200016137], [-76.40495400032796, 36.881541000114204], [-76.40510699959053, 36.88141399974521], [-76.40512500003219, 36.88138699973571], [-76.40532099985077, 36.881112999684845], [-76.40544399987441, 36.88085799996583], [-76.40552699971511, 36.88063999975915], [-76.4055409999588, 36.880550999960626], [-76.40558799981447, 36.88042400010079], [-76.40569099974664, 36.880311999851166], [-76.40577500031054, 36.88027399981893], [-76.40584999975529, 36.880179999884945], [-76.4058790000676, 36.88009599998362], [-76.40589699961095, 36.879964999876115], [-76.40592500009835, 36.8797720001146], [-76.40595400041067, 36.879650999657954], [-76.40599600024346, 36.87952900020896], [-76.40602899985544, 36.87947700004291], [-76.40620700013066, 36.87927599999417], [-76.406412999995, 36.87907899967257], [-76.40655399956198, 36.8790040000439], [-76.40667499993582, 36.878919000040426], [-76.40676000032462, 36.87878800006959], [-76.40678799991372, 36.87863800016714], [-76.40679700013455, 36.878515999818404], [-76.40681600040112, 36.87845100000067], [-76.40685400003595, 36.87834799985562], [-76.40709900025834, 36.877953999665145], [-76.40736000037425, 36.8778599997498], [-76.4076599999499, 36.87786899993015], [-76.40789400030162, 36.87789800026457], [-76.40821300014386, 36.87781299974871], [-76.40846599986384, 36.87766300008698], [-76.40866300040564, 36.877503999908285], [-76.40878499970607, 36.87735400035826], [-76.40888799963824, 36.87726899995548], [-76.40908500018004, 36.877157000108845], [-76.40934700012086, 36.877062999931134], [-76.40947900036534, 36.87696900035629], [-76.40969399955219, 36.876818999755514], [-76.410031999661, 36.876679000174505], [-76.41017200030139, 36.87656599990467], [-76.41028500027929, 36.87651899982591], [-76.41106699990378, 36.8761480002833]]]}, "properties": {"GEOID": "51740213104", "NAME": "2131.04", "n_parcels": 1390, "cwi": 47.4, "econ": 25.5, "edu": 55.0, "env": 36.0, "infra": 12.9, "health": 27.8, "housing": 64.5, "safety": 95.8, "ind_NUMPOINTS_cime_data": 95.8, "ind_RISK_SCORE_flood": 66.4, "ind_HubDist_bus_stop": 12.9, "ind_HubDist_hospital": 27.8, "ind_NatWalkInd_walking_index": 5.6, "ind_pct_own_occ_hous_unit": 64.5, "ind_pct_unemp_rate_16yover": 25.5, "ind_pct_no_high_schl_dip": 69.4, "ind_pct_in_college": 40.7}}, {"type": "Feature", "geometry": {"type": "Polygon", "coordinates": [[[-76.40030299989391, 36.87387500012677], [-76.40015200028117, 36.87384300020257], [-76.39799499975692, 36.87339100002096], [-76.39640100037069, 36.873102000229615], [-76.3958540000245, 36.87299399987778], [-76.39532500011998, 36.87288200022993], [-76.3949800003385, 36.872811999737806], [-76.39451599983299, 36.87267199999839], [-76.39410099973131, 36.872528000121946], [-76.39385800005707, 36.87242600022486], [-76.39383499959251, 36.87241199990426], [-76.39351300027555, 36.87221600017699], [-76.39326700022826, 36.87206600030267], [-76.39316500012102, 36.87198200010064], [-76.39290700037816, 36.87176100012888], [-76.39278900037738, 36.87163900029331], [-76.39268899991995, 36.87154099986013], [-76.39258400033798, 36.87141099979551], [-76.39249599957611, 36.87129500003754], [-76.39240000021495, 36.87114099983889], [-76.39229100043501, 36.87097300018271], [-76.39220799969601, 36.87077000004536], [-76.3921290000533, 36.87056700008718], [-76.39206299993106, 36.87032899999447], [-76.39202399957301, 36.870122000295304], [-76.3919940003341, 36.86985600011527], [-76.39198000009038, 36.869652999884295], [-76.39202799977096, 36.86932399985129], [-76.3921509997946, 36.868332999775035], [-76.3923130001763, 36.867366999648745], [-76.3924310001771, 36.8668660003196], [-76.39253099973621, 36.86639700004321], [-76.39268399989707, 36.86540600009082], [-76.39274099979848, 36.86481599995457], [-76.39281500031665, 36.86447199988005], [-76.39285899979927, 36.864303999932574], [-76.39291999989864, 36.864108999966795], [-76.3929600000816, 36.863909000166736], [-76.39301199996015, 36.863545999734995], [-76.39196300037196, 36.863977000028136], [-76.39089600034208, 36.86442199967761], [-76.38825599994409, 36.865469000104156], [-76.38794299994964, 36.86562100011637], [-76.38776999969728, 36.86570399970703], [-76.38759099959712, 36.86578900004286], [-76.38716100032514, 36.86599899979089], [-76.3869699996311, 36.86609400034285], [-76.3859970002109, 36.86650300028086], [-76.38506300025043, 36.86686799968936], [-76.38495799977012, 36.86691200018549], [-76.38375400037124, 36.86742499965727], [-76.38327999982, 36.86759400032317], [-76.38299199993992, 36.86771600015057], [-76.38220600011745, 36.86802799978908], [-76.38148399986909, 36.86834799979006], [-76.3799420003614, 36.868984999674204], [-76.37946100013748, 36.8691869998697], [-76.37879499996559, 36.8694669996487], [-76.37834700025194, 36.869652999884295], [-76.37820999998459, 36.86970700028516], [-76.37799200042471, 36.86979199976084], [-76.37785000013447, 36.86984800007389], [-76.377866000028, 36.869949999819994], [-76.37789799981505, 36.87014899997541], [-76.37793799999803, 36.87046099973888], [-76.37795200024173, 36.87056700008718], [-76.37796899996017, 36.87089700014846], [-76.37797499980796, 36.87118599965839], [-76.37797800018099, 36.871331000253846], [-76.37799700044756, 36.87255299973071], [-76.37799999992231, 36.87274300022683], [-76.37800199957213, 36.872920000347015], [-76.37800900014315, 36.87372400032197], [-76.3780059997701, 36.873972999721396], [-76.37800400012027, 36.874146000070155], [-76.37799499989943, 36.87429699975935], [-76.37794899986868, 36.874850999998046], [-76.37794100037108, 36.87494600032155], [-76.37791999955637, 36.87618600021274], [-76.37792200010449, 36.87631900017625], [-76.3779430000209, 36.87815899990481], [-76.37784599993651, 36.87862799982784], [-76.37764199972202, 36.87898599994965], [-76.37739499984981, 36.87926999998459], [-76.37718099958956, 36.87956299966265], [-76.37672700002813, 36.87984099974282], [-76.37632100014726, 36.879979000249364], [-76.37596899979476, 36.88014899995778], [-76.37579399989257, 36.880234000029354], [-76.3754640001797, 36.88046900019979], [-76.37506999999438, 36.880902999809074], [-76.3749789997578, 36.88107300033473], [-76.37490500013794, 36.88145700027285], [-76.37457500042507, 36.88289499987988], [-76.37442700028707, 36.88342600028229], [-76.37441499969319, 36.883843000124614], [-76.37442200026419, 36.883942000042175], [-76.37443300013484, 36.88408599995441], [-76.37445499987615, 36.88437099987816], [-76.37450699975469, 36.88494900002438], [-76.37459700016637, 36.8851599997148], [-76.37475600017503, 36.88536600017123], [-76.37516100023099, 36.88556000032312], [-76.37559300005111, 36.88576000020072], [-76.37775499969993, 36.88672300007967], [-76.37822800042625, 36.88694000002288], [-76.37845400038206, 36.88715300023476], [-76.3786190002385, 36.88736999967429], [-76.3787809997219, 36.88791799987053], [-76.37896599966982, 36.88809399990144], [-76.37948799990164, 36.888443999941046], [-76.3796600003291, 36.8886510002768], [-76.37983500023127, 36.88893900002887], [-76.37997199960031, 36.88926199968809], [-76.3802169998227, 36.88979000004527], [-76.38043600010582, 36.889875000161524], [-76.38062899955135, 36.89003200024579], [-76.3807020002446, 36.89021599977794], [-76.38087700014678, 36.89010900001806], [-76.38088600036761, 36.89077900030099], [-76.380907000284, 36.891810999682846], [-76.38093099967513, 36.8930030001111], [-76.38081199984946, 36.893080999820526], [-76.38070499971933, 36.893150999694534], [-76.38059299956633, 36.8933170000218], [-76.38044000030376, 36.893463999659616], [-76.38073800022961, 36.89350499975737], [-76.38145299990695, 36.89359000004756], [-76.38399899969532, 36.89403300022213], [-76.38500899982377, 36.89426700026422], [-76.3874969998858, 36.89467300009035], [-76.38764699967362, 36.89475699975997], [-76.38775899982662, 36.89483199972041], [-76.38785799956082, 36.89489799999821], [-76.38796999971382, 36.89517999969328], [-76.38846699983128, 36.896735000275065], [-76.3885039996412, 36.89669699979582], [-76.38852899975555, 36.89664099977352], [-76.38852299990776, 36.89657200024107], [-76.38851700005999, 36.89654099978532], [-76.38851700005999, 36.896478000257176], [-76.38853600032655, 36.89643500028707], [-76.38859200040305, 36.896341000134385], [-76.38861699961909, 36.896284999850806], [-76.38866100000004, 36.89625299997821], [-76.38873600034312, 36.89626000010868], [-76.3887990000923, 36.89622900024461], [-76.3887990000923, 36.896185000114635], [-76.38877999982572, 36.896090999654035], [-76.38882400020665, 36.89604100003444], [-76.38893600035965, 36.89604100003444], [-76.38906100003312, 36.896079000121894], [-76.38919900012539, 36.896079000121894], [-76.3894109998375, 36.89604100003444], [-76.3896860001971, 36.8959160001237], [-76.38992999969626, 36.89586599967105], [-76.39017400009372, 36.89583499964689], [-76.39031700020885, 36.895815999904], [-76.39061099993674, 36.89586599967105], [-76.39091700025848, 36.895829000220175], [-76.39147999959988, 36.8958230000745], [-76.39175499995949, 36.89580999975737], [-76.39211700035773, 36.8958230000745], [-76.39244899972044, 36.895829000220175], [-76.39272400008005, 36.89586599967105], [-76.39294199963993, 36.89592899970437], [-76.39319400043333, 36.89602299964607], [-76.39331099971088, 36.896090999654035], [-76.39347999976529, 36.89616599974045], [-76.39367999978181, 36.896185000114635], [-76.39406100044664, 36.89612300031298], [-76.39434199975574, 36.89612899971659], [-76.39456100003883, 36.89617299987886], [-76.39499899970677, 36.89627300034916], [-76.39544200029586, 36.896385000174426], [-76.39536600012788, 36.89575499982781], [-76.39530500002851, 36.895441999918226], [-76.39514299964681, 36.894350000337035], [-76.3950439999126, 36.89369699995711], [-76.39489199957664, 36.89255199988757], [-76.39482299997968, 36.89208400006581], [-76.39479399966734, 36.8919890002275], [-76.39475199983454, 36.89191100012065], [-76.39469400010823, 36.891839999751454], [-76.39466800016895, 36.89181999965578], [-76.39460899971942, 36.89177300034427], [-76.39451300035826, 36.89171799966102], [-76.39440899970288, 36.89167199964697], [-76.39373300038358, 36.89137400004029], [-76.39342700006183, 36.89123900026466], [-76.39324299993882, 36.89115799985369], [-76.39229200025991, 36.89073800017595], [-76.39173800024105, 36.89049399986991], [-76.3911640001307, 36.890241000062865], [-76.39103000023638, 36.89016700000055], [-76.39096699958888, 36.89011599999355], [-76.39091200023562, 36.890044000010114], [-76.39084500028846, 36.8898890001547], [-76.3908400002656, 36.88987199985475], [-76.39062400035553, 36.88917099965768], [-76.39055300021042, 36.888947000226004], [-76.39052600044624, 36.888835999661055], [-76.39051399985235, 36.88872400025435], [-76.39050999965438, 36.888585999745864], [-76.39051399985235, 36.888017000252184], [-76.39051100037763, 36.887882000287775], [-76.39052300007319, 36.88749200024717], [-76.39051300002744, 36.88691500009394], [-76.39051899987523, 36.886349000087556], [-76.3905180000503, 36.885983000208064], [-76.39051899987523, 36.88494699969083], [-76.39052800009605, 36.8842549996846], [-76.39051999970013, 36.883988999863774], [-76.39052800009605, 36.88378100035768], [-76.39052800009605, 36.88341100035409], [-76.39054499981451, 36.88309999978951], [-76.39057400012682, 36.88279899990823], [-76.39058400017255, 36.882447999658226], [-76.39057900014969, 36.882184999899685], [-76.3905950000432, 36.8819760003035], [-76.39063199985313, 36.88182499998836], [-76.39068000043201, 36.88167500030279], [-76.39079099986179, 36.88147300007867], [-76.39088600029635, 36.881336999826], [-76.3909399998247, 36.88127200025366], [-76.39100400029712, 36.88119500019127], [-76.39110999970401, 36.88110299966964], [-76.391298000025, 36.880957999661256], [-76.39137900021585, 36.880901000088045], [-76.39216800041135, 36.880380000201974], [-76.3929319995942, 36.8798779997573], [-76.3932830001218, 36.87964299992384], [-76.39362600025346, 36.879423000081836], [-76.39369999987332, 36.87937200008346], [-76.39382500044509, 36.87928399976672], [-76.39435699982435, 36.878934999659435], [-76.39445200025888, 36.87886400015683], [-76.39453199972652, 36.87880099969279], [-76.39471400019971, 36.878694999992305], [-76.39482399980457, 36.87863999994744], [-76.39660899988482, 36.87784899976737], [-76.39684099968842, 36.877744999986454], [-76.39696299988717, 36.877688999714096], [-76.39701999978855, 36.87767500035821], [-76.39715200003306, 36.87763100031266], [-76.3972750000567, 36.877573000148516], [-76.39748599994388, 36.8774439998362], [-76.39768000011264, 36.87730599977894], [-76.3978249998776, 36.87718900008177], [-76.39799300010709, 36.877033999998204], [-76.39814600026797, 36.87687000002158], [-76.39820200034445, 36.876797999762886], [-76.39827199976635, 36.876702000030896], [-76.39859599963144, 36.87625500020651], [-76.3996760000801, 36.8747379998981], [-76.40030299989391, 36.87387500012677]]]}, "properties": {"GEOID": "51740213103", "NAME": "2131.03", "n_parcels": 2203, "cwi": 54.6, "econ": 77.5, "edu": 49.9, "env": 16.5, "infra": 29.1, "health": 9.4, "housing": 86.1, "safety": 94.0, "ind_NUMPOINTS_cime_data": 94.0, "ind_RISK_SCORE_flood": 26.1, "ind_HubDist_bus_stop": 29.1, "ind_HubDist_hospital": 9.4, "ind_NatWalkInd_walking_index": 6.9, "ind_pct_own_occ_hous_unit": 86.1, "ind_pct_unemp_rate_16yover": 77.5, "ind_pct_no_high_schl_dip": 65.4, "ind_pct_in_college": 34.4}}, {"type": "Feature", "geometry": {"type": "Polygon", "coordinates": [[[-76.39418199992215, 36.85697500010006], [-76.39426700031098, 36.8568479998564], [-76.39264200006428, 36.856645000285084], [-76.3923759999255, 36.856611999794005], [-76.39186600028756, 36.856547999846356], [-76.39157300038461, 36.85547500011148], [-76.39141600002576, 36.85489800030697], [-76.39126600023795, 36.854347999972745], [-76.38906199985801, 36.853468000119584], [-76.38833999960967, 36.85310700013937], [-76.38742099971783, 36.85219900023658], [-76.38704900017214, 36.85124800007415], [-76.38826599998983, 36.84894800028132], [-76.38826599998983, 36.84494799986092], [-76.38652899959015, 36.84227100019938], [-76.38441499962191, 36.8390109996663], [-76.38346599959284, 36.837547999872555], [-76.37656600036964, 36.83844800005369], [-76.37449400023422, 36.83841500033472], [-76.36606500012547, 36.83824799997005], [-76.36486500002623, 36.83834800007722], [-76.36436500043405, 36.83894800013139], [-76.36231699968975, 36.842839999701425], [-76.36358299991123, 36.84331100002838], [-76.36450900037408, 36.84364899980295], [-76.36528900034875, 36.84394900011246], [-76.36539599958057, 36.843988000224385], [-76.36646199978551, 36.84437400033336], [-76.36819599981216, 36.845020999911576], [-76.36867500038626, 36.84521699966334], [-76.36893099958098, 36.84532800035626], [-76.36922799968191, 36.84546100011942], [-76.37014099972598, 36.84589999999276], [-76.37065200008713, 36.84618000027069], [-76.3717409998583, 36.84681800013947], [-76.37216099998288, 36.847066000294376], [-76.37272099984952, 36.84740799976238], [-76.3734869995805, 36.84788299972047], [-76.37355900044885, 36.8479239998479], [-76.37387599974292, 36.84810800018406], [-76.37405300019326, 36.84822000020308], [-76.37412000014041, 36.84826399993464], [-76.37448400018847, 36.84851300035617], [-76.37536299989736, 36.849151000166174], [-76.37590799969539, 36.849541999647016], [-76.3763389996906, 36.849855000073724], [-76.3770700001598, 36.850374999780044], [-76.3771620002213, 36.85043600016491], [-76.37750899965263, 36.850661000303354], [-76.37758200034588, 36.850714999749194], [-76.37913999974708, 36.8518329998874], [-76.3791249996785, 36.85194299972088], [-76.37910499958699, 36.852029000146956], [-76.37899699963197, 36.85309700005194], [-76.37889500042303, 36.85418300032275], [-76.37884799966905, 36.85468900008547], [-76.37882199972978, 36.85496499972045], [-76.3788019996383, 36.85518200004623], [-76.37878400009494, 36.85539300002732], [-76.37875700033076, 36.85565199998447], [-76.37873600041436, 36.855783000097645], [-76.37869000038361, 36.856004000284415], [-76.37864799965251, 36.85615599971673], [-76.37855200029135, 36.85641899996881], [-76.37831100026693, 36.85695100023996], [-76.37792600030245, 36.85775900001062], [-76.37750799982771, 36.85863299986275], [-76.37689400043271, 36.85992799994422], [-76.37681300024187, 36.86014000025228], [-76.37677899990666, 36.86024800008813], [-76.37672100018034, 36.86048599995967], [-76.37668699984515, 36.86071499976448], [-76.37667099995163, 36.860951999856795], [-76.37667400032468, 36.861188999932786], [-76.3766890003933, 36.86137800018537], [-76.37670500028682, 36.86150400033364], [-76.3770140000833, 36.863603999769246], [-76.37702499995397, 36.86368299976992], [-76.37713999958169, 36.86446600014493], [-76.37721800029782, 36.8650060002887], [-76.37733600029857, 36.865846000113685], [-76.37734700016922, 36.86592000002869], [-76.37735800003989, 36.86599500028702], [-76.37758999984347, 36.867557000107276], [-76.37766299963842, 36.86802700011936], [-76.37774300000434, 36.86858999967329], [-76.37772899976065, 36.86863500027684], [-76.37770799984426, 36.86874899972277], [-76.37770700001934, 36.86883800033821], [-76.37774899985213, 36.86912699973216], [-76.37784299956347, 36.869803000184895], [-76.37785000013447, 36.86984800007389], [-76.37799200042471, 36.86979199976084], [-76.37820999998459, 36.86970700028516], [-76.37834700025194, 36.869652999884295], [-76.37879499996559, 36.8694669996487], [-76.37946100013748, 36.8691869998697], [-76.3799420003614, 36.868984999674204], [-76.38148399986909, 36.86834799979006], [-76.38220600011745, 36.86802799978908], [-76.38299199993992, 36.86771600015057], [-76.38327999982, 36.86759400032317], [-76.38375400037124, 36.86742499965727], [-76.38495799977012, 36.86691200018549], [-76.38506300025043, 36.86686799968936], [-76.3859970002109, 36.86650300028086], [-76.3869699996311, 36.86609400034285], [-76.38716100032514, 36.86599899979089], [-76.38759099959712, 36.86578900004286], [-76.38776999969728, 36.86570399970703], [-76.38794299994964, 36.86562100011637], [-76.38825599994409, 36.865469000104156], [-76.39089600034208, 36.86442199967761], [-76.39196300037196, 36.863977000028136], [-76.39301199996015, 36.863545999734995], [-76.39310400002164, 36.86295799980178], [-76.39325899983236, 36.86214899990946], [-76.39343600028266, 36.8611209997466], [-76.39350400005472, 36.86067700004523], [-76.39352400014621, 36.86054899971702], [-76.39358799972031, 36.859525000154484], [-76.39363600029921, 36.85939099991945], [-76.39375699977472, 36.858958999847005], [-76.39377199984334, 36.858842000081], [-76.39379899960753, 36.8586879999378], [-76.3938110002014, 36.85855699977239], [-76.39382899974474, 36.85831000003487], [-76.39385399985909, 36.85806899973687], [-76.39385899988197, 36.857970000065265], [-76.39393400022503, 36.8576960001096], [-76.39401700006572, 36.85736800015099], [-76.39410199955621, 36.85712599994532], [-76.39418199992215, 36.85697500010006]]]}, "properties": {"GEOID": "51740213002", "NAME": "2130.02", "n_parcels": 1857, "cwi": 70.0, "econ": 89.7, "edu": 82.5, "env": 37.8, "infra": 62.2, "health": 50.5, "housing": 80.8, "safety": 76.3, "ind_NUMPOINTS_cime_data": 76.3, "ind_RISK_SCORE_flood": 19.8, "ind_HubDist_bus_stop": 62.2, "ind_HubDist_hospital": 50.5, "ind_NatWalkInd_walking_index": 55.9, "ind_pct_own_occ_hous_unit": 80.8, "ind_pct_unemp_rate_16yover": 89.7, "ind_pct_no_high_schl_dip": 86.8, "ind_pct_in_college": 78.2}}]}